-- phpMyAdmin SQL Dump
-- version 5.2.1
-- https://www.phpmyadmin.net/
--
-- Host: 127.0.0.1:3306
-- Generation Time: Feb 08, 2026 at 11:51 AM
-- Server version: 8.3.0
-- PHP Version: 8.2.18

SET SQL_MODE = "NO_AUTO_VALUE_ON_ZERO";
START TRANSACTION;
SET time_zone = "+00:00";


/*!40101 SET @OLD_CHARACTER_SET_CLIENT=@@CHARACTER_SET_CLIENT */;
/*!40101 SET @OLD_CHARACTER_SET_RESULTS=@@CHARACTER_SET_RESULTS */;
/*!40101 SET @OLD_COLLATION_CONNECTION=@@COLLATION_CONNECTION */;
/*!40101 SET NAMES utf8mb4 */;

--
-- Database: `bengali_news`
--

-- --------------------------------------------------------

--
-- Table structure for table `auth_groups_users`
--

DROP TABLE IF EXISTS `auth_groups_users`;
CREATE TABLE IF NOT EXISTS `auth_groups_users` (
  `id` int UNSIGNED NOT NULL AUTO_INCREMENT,
  `user_id` int UNSIGNED NOT NULL,
  `group` varchar(255) CHARACTER SET utf8mb4 COLLATE utf8mb4_general_ci NOT NULL,
  `created_at` datetime NOT NULL,
  PRIMARY KEY (`id`),
  KEY `auth_groups_users_user_id_foreign` (`user_id`)
) ENGINE=InnoDB AUTO_INCREMENT=10 DEFAULT CHARSET=utf8mb4 COLLATE=utf8mb4_general_ci;

--
-- Dumping data for table `auth_groups_users`
--

INSERT INTO `auth_groups_users` (`id`, `user_id`, `group`, `created_at`) VALUES
(1, 1, 'superadmin', '2026-01-11 20:36:36'),
(9, 5, 'author', '2026-02-08 07:43:15');

-- --------------------------------------------------------

--
-- Table structure for table `auth_identities`
--

DROP TABLE IF EXISTS `auth_identities`;
CREATE TABLE IF NOT EXISTS `auth_identities` (
  `id` int UNSIGNED NOT NULL AUTO_INCREMENT,
  `user_id` int UNSIGNED NOT NULL,
  `type` varchar(255) CHARACTER SET utf8mb4 COLLATE utf8mb4_general_ci NOT NULL,
  `name` varchar(255) CHARACTER SET utf8mb4 COLLATE utf8mb4_general_ci DEFAULT NULL,
  `secret` varchar(255) CHARACTER SET utf8mb4 COLLATE utf8mb4_general_ci NOT NULL,
  `secret2` varchar(255) CHARACTER SET utf8mb4 COLLATE utf8mb4_general_ci DEFAULT NULL,
  `expires` datetime DEFAULT NULL,
  `extra` text CHARACTER SET utf8mb4 COLLATE utf8mb4_general_ci,
  `force_reset` tinyint(1) NOT NULL DEFAULT '0',
  `last_used_at` datetime DEFAULT NULL,
  `created_at` datetime DEFAULT NULL,
  `updated_at` datetime DEFAULT NULL,
  PRIMARY KEY (`id`),
  UNIQUE KEY `type_secret` (`type`,`secret`),
  KEY `user_id` (`user_id`)
) ENGINE=InnoDB AUTO_INCREMENT=6 DEFAULT CHARSET=utf8mb4 COLLATE=utf8mb4_general_ci;

--
-- Dumping data for table `auth_identities`
--

INSERT INTO `auth_identities` (`id`, `user_id`, `type`, `name`, `secret`, `secret2`, `expires`, `extra`, `force_reset`, `last_used_at`, `created_at`, `updated_at`) VALUES
(1, 1, 'email_password', NULL, 'admin@example.com', '$2y$12$bIYZGzeWYnILOHUkn4hDyubP7HKRTo6FLLgOTi.iW3TQ9hFonx5k.', NULL, NULL, 0, '2026-02-08 07:51:32', '2026-01-11 20:36:36', '2026-02-08 07:51:32'),
(2, 2, 'email_password', NULL, 'user@example.com', '$2y$12$7e3dYDhhO9Do9A0iLHV3DuTjV1T04xrcsCvznSTGTccpssTFJlhBa', NULL, NULL, 0, '2026-02-08 07:39:55', '2026-01-11 20:48:32', '2026-02-08 07:39:55'),
(3, 3, 'email_password', NULL, 'test@example.com', '$2y$12$OlccI1xbr/V42YfsjQHRH.6O66kWbJNzD67WFVIU3fTXPS4wvi/ky', NULL, NULL, 0, NULL, '2026-02-08 05:33:12', '2026-02-08 05:33:12'),
(4, 4, 'email_password', NULL, 'test@test.com', '$2y$12$a5B36CPrEX1X4cY2n/hNA.eDduF2oysaNCW1qC8QPhAsUHThyE412', NULL, NULL, 0, NULL, '2026-02-08 07:06:47', '2026-02-08 07:06:47'),
(5, 5, 'email_password', NULL, 'akashhalder277@gmail.com', '$2y$12$Q27ma5ERJXvIAj7cA2z24eqiy8J3CJKRNroeQR//oSNfKmdec8tJe', NULL, NULL, 0, '2026-02-08 07:43:30', '2026-02-08 07:07:36', '2026-02-08 07:43:30');

-- --------------------------------------------------------

--
-- Table structure for table `auth_logins`
--

DROP TABLE IF EXISTS `auth_logins`;
CREATE TABLE IF NOT EXISTS `auth_logins` (
  `id` int UNSIGNED NOT NULL AUTO_INCREMENT,
  `ip_address` varchar(255) CHARACTER SET utf8mb4 COLLATE utf8mb4_general_ci NOT NULL,
  `user_agent` varchar(255) CHARACTER SET utf8mb4 COLLATE utf8mb4_general_ci DEFAULT NULL,
  `id_type` varchar(255) CHARACTER SET utf8mb4 COLLATE utf8mb4_general_ci NOT NULL,
  `identifier` varchar(255) CHARACTER SET utf8mb4 COLLATE utf8mb4_general_ci NOT NULL,
  `user_id` int UNSIGNED DEFAULT NULL,
  `date` datetime NOT NULL,
  `success` tinyint(1) NOT NULL,
  PRIMARY KEY (`id`),
  KEY `id_type_identifier` (`id_type`,`identifier`),
  KEY `user_id` (`user_id`)
) ENGINE=InnoDB AUTO_INCREMENT=35 DEFAULT CHARSET=utf8mb4 COLLATE=utf8mb4_general_ci;

--
-- Dumping data for table `auth_logins`
--

INSERT INTO `auth_logins` (`id`, `ip_address`, `user_agent`, `id_type`, `identifier`, `user_id`, `date`, `success`) VALUES
(1, '::1', 'Mozilla/5.0 (Windows NT 10.0; Win64; x64) AppleWebKit/537.36 (KHTML, like Gecko) Chrome/143.0.0.0 Safari/537.36', 'email_password', 'admin@example.com', 1, '2026-01-11 20:37:29', 1),
(2, '::1', 'Mozilla/5.0 (Windows NT 10.0; Win64; x64) AppleWebKit/537.36 (KHTML, like Gecko) Chrome/143.0.0.0 Safari/537.36', 'email_password', 'user@example.com', NULL, '2026-01-11 20:49:20', 0),
(3, '::1', 'Mozilla/5.0 (Windows NT 10.0; Win64; x64) AppleWebKit/537.36 (KHTML, like Gecko) Chrome/143.0.0.0 Safari/537.36', 'email_password', 'user@example.com', 2, '2026-01-11 20:49:30', 1),
(4, '::1', 'Mozilla/5.0 (Windows NT 10.0; Win64; x64) AppleWebKit/537.36 (KHTML, like Gecko) Chrome/143.0.0.0 Safari/537.36', 'email_password', 'admin@example.com', 1, '2026-01-11 20:51:19', 1),
(5, '::1', 'Mozilla/5.0 (Windows NT 10.0; Win64; x64) AppleWebKit/537.36 (KHTML, like Gecko) Chrome/143.0.0.0 Safari/537.36', 'email_password', 'admin@example.com', 1, '2026-01-11 21:15:59', 1),
(6, '::1', 'Mozilla/5.0 (Windows NT 10.0; Win64; x64) AppleWebKit/537.36 (KHTML, like Gecko) Chrome/143.0.0.0 Safari/537.36', 'email_password', 'admin@example.com', 1, '2026-01-12 06:27:36', 1),
(7, '::1', 'Mozilla/5.0 (Windows NT 10.0; Win64; x64) AppleWebKit/537.36 (KHTML, like Gecko) Chrome/143.0.0.0 Safari/537.36', 'email_password', 'admin@example.com', 1, '2026-01-12 16:23:55', 1),
(8, '::1', 'Mozilla/5.0 (Windows NT 10.0; Win64; x64) AppleWebKit/537.36 (KHTML, like Gecko) Chrome/143.0.0.0 Safari/537.36', 'email_password', 'admin@example.com', NULL, '2026-01-14 15:49:38', 0),
(9, '::1', 'Mozilla/5.0 (Windows NT 10.0; Win64; x64) AppleWebKit/537.36 (KHTML, like Gecko) Chrome/143.0.0.0 Safari/537.36', 'email_password', 'admin@example.com', 1, '2026-01-14 15:49:47', 1),
(10, '::1', 'Mozilla/5.0 (Windows NT 10.0; Win64; x64) AppleWebKit/537.36 (KHTML, like Gecko) Chrome/144.0.0.0 Safari/537.36', 'email_password', 'admin@example.com', 1, '2026-01-27 04:41:47', 1),
(11, '::1', 'Mozilla/5.0 (Windows NT 10.0; Win64; x64) AppleWebKit/537.36 (KHTML, like Gecko) Chrome/144.0.0.0 Safari/537.36', 'email_password', 'admin@example.com', 1, '2026-01-27 14:47:43', 1),
(12, '::1', 'Mozilla/5.0 (Windows NT 10.0; Win64; x64) AppleWebKit/537.36 (KHTML, like Gecko) Chrome/144.0.0.0 Safari/537.36', 'email_password', 'admin@example.com', 1, '2026-01-28 08:24:42', 1),
(13, '::1', 'Mozilla/5.0 (Windows NT 10.0; Win64; x64) AppleWebKit/537.36 (KHTML, like Gecko) Chrome/144.0.0.0 Safari/537.36', 'email_password', 'admin@example.com', 1, '2026-01-29 05:04:58', 1),
(14, '::1', 'Mozilla/5.0 (Windows NT 10.0; Win64; x64) AppleWebKit/537.36 (KHTML, like Gecko) Chrome/144.0.0.0 Safari/537.36', 'email_password', 'admin@example.com', 1, '2026-01-29 14:14:43', 1),
(15, '::1', 'Mozilla/5.0 (Windows NT 10.0; Win64; x64) AppleWebKit/537.36 (KHTML, like Gecko) Chrome/144.0.0.0 Safari/537.36', 'email_password', 'admin@example.com', 1, '2026-01-30 06:38:38', 1),
(16, '::1', 'Mozilla/5.0 (Windows NT 10.0; Win64; x64) AppleWebKit/537.36 (KHTML, like Gecko) Chrome/144.0.0.0 Safari/537.36', 'email_password', 'admin@example.com', 1, '2026-01-30 14:11:06', 1),
(17, '::1', 'Mozilla/5.0 (Windows NT 10.0; Win64; x64) AppleWebKit/537.36 (KHTML, like Gecko) Chrome/144.0.0.0 Safari/537.36', 'email_password', 'admin@example.com', 1, '2026-01-31 06:53:14', 1),
(18, '::1', 'Mozilla/5.0 (Windows NT 10.0; Win64; x64) AppleWebKit/537.36 (KHTML, like Gecko) Chrome/144.0.0.0 Safari/537.36', 'email_password', 'admin@example.com', 1, '2026-01-31 17:51:53', 1),
(19, '::1', 'Mozilla/5.0 (Windows NT 10.0; Win64; x64) AppleWebKit/537.36 (KHTML, like Gecko) Chrome/144.0.0.0 Safari/537.36', 'email_password', 'admin@example.com', 1, '2026-02-04 11:07:25', 1),
(20, '::1', 'Mozilla/5.0 (Windows NT 10.0; Win64; x64) AppleWebKit/537.36 (KHTML, like Gecko) Chrome/144.0.0.0 Safari/537.36', 'email_password', 'admin@example.com', 1, '2026-02-04 13:51:41', 1),
(21, '::1', 'Mozilla/5.0 (Windows NT 10.0; Win64; x64) AppleWebKit/537.36 (KHTML, like Gecko) Chrome/144.0.0.0 Safari/537.36', 'email_password', 'admin@example.com', 1, '2026-02-05 06:24:47', 1),
(22, '::1', 'Mozilla/5.0 (Windows NT 10.0; Win64; x64) AppleWebKit/537.36 (KHTML, like Gecko) Chrome/144.0.0.0 Safari/537.36', 'email_password', 'admin@example.com', 1, '2026-02-05 16:21:21', 1),
(23, '::1', 'Mozilla/5.0 (Windows NT 10.0; Win64; x64) AppleWebKit/537.36 (KHTML, like Gecko) Chrome/144.0.0.0 Safari/537.36', 'email_password', 'akashhalder277@gmail.com', NULL, '2026-02-06 19:46:42', 0),
(24, '::1', 'Mozilla/5.0 (Windows NT 10.0; Win64; x64) AppleWebKit/537.36 (KHTML, like Gecko) Chrome/144.0.0.0 Safari/537.36', 'email_password', 'admin@example.com', 1, '2026-02-06 19:46:53', 1),
(25, '::1', 'Mozilla/5.0 (Windows NT 10.0; Win64; x64) AppleWebKit/537.36 (KHTML, like Gecko) Chrome/144.0.0.0 Safari/537.36', 'email_password', 'admin@example.com', 1, '2026-02-06 20:16:17', 1),
(26, '::1', 'Mozilla/5.0 (Windows NT 10.0; Win64; x64) AppleWebKit/537.36 (KHTML, like Gecko) Chrome/144.0.0.0 Safari/537.36', 'email_password', 'akashhalder277@gmail.com', NULL, '2026-02-06 20:16:40', 0),
(27, '::1', 'Mozilla/5.0 (Windows NT 10.0; Win64; x64) AppleWebKit/537.36 (KHTML, like Gecko) Chrome/144.0.0.0 Safari/537.36', 'email_password', 'admin@example.com', 1, '2026-02-07 10:55:19', 1),
(28, '::1', 'Mozilla/5.0 (Windows NT 10.0; Win64; x64) AppleWebKit/537.36 (KHTML, like Gecko) Chrome/144.0.0.0 Safari/537.36', 'email_password', 'admin@example.com', 1, '2026-02-07 14:50:22', 1),
(29, '::1', 'Mozilla/5.0 (Windows NT 10.0; Win64; x64) AppleWebKit/537.36 (KHTML, like Gecko) Chrome/144.0.0.0 Safari/537.36', 'email_password', 'admin@example.com', 1, '2026-02-08 05:28:53', 1),
(30, '::1', 'Mozilla/5.0 (Windows NT 10.0; Win64; x64) AppleWebKit/537.36 (KHTML, like Gecko) Chrome/144.0.0.0 Safari/537.36', 'email_password', 'user@example.com', 2, '2026-02-08 07:39:55', 1),
(31, '::1', 'Mozilla/5.0 (Windows NT 10.0; Win64; x64) AppleWebKit/537.36 (KHTML, like Gecko) Chrome/144.0.0.0 Safari/537.36', 'email_password', 'admin@example.com', 1, '2026-02-08 07:42:12', 1),
(32, '::1', 'Mozilla/5.0 (Windows NT 10.0; Win64; x64) AppleWebKit/537.36 (KHTML, like Gecko) Chrome/144.0.0.0 Safari/537.36', 'email_password', 'akashhalder277@gmail.com', 5, '2026-02-08 07:43:30', 1),
(33, '::1', 'Mozilla/5.0 (Windows NT 10.0; Win64; x64) AppleWebKit/537.36 (KHTML, like Gecko) Chrome/144.0.0.0 Safari/537.36', 'email_password', 'admin@example.com', 1, '2026-02-08 07:50:16', 1),
(34, '::1', 'Mozilla/5.0 (Windows NT 10.0; Win64; x64) AppleWebKit/537.36 (KHTML, like Gecko) Chrome/144.0.0.0 Safari/537.36', 'email_password', 'admin@example.com', 1, '2026-02-08 07:51:32', 1);

-- --------------------------------------------------------

--
-- Table structure for table `auth_permissions_users`
--

DROP TABLE IF EXISTS `auth_permissions_users`;
CREATE TABLE IF NOT EXISTS `auth_permissions_users` (
  `id` int UNSIGNED NOT NULL AUTO_INCREMENT,
  `user_id` int UNSIGNED NOT NULL,
  `permission` varchar(255) CHARACTER SET utf8mb4 COLLATE utf8mb4_general_ci NOT NULL,
  `created_at` datetime NOT NULL,
  PRIMARY KEY (`id`),
  KEY `auth_permissions_users_user_id_foreign` (`user_id`)
) ENGINE=InnoDB DEFAULT CHARSET=utf8mb4 COLLATE=utf8mb4_general_ci;

-- --------------------------------------------------------

--
-- Table structure for table `auth_remember_tokens`
--

DROP TABLE IF EXISTS `auth_remember_tokens`;
CREATE TABLE IF NOT EXISTS `auth_remember_tokens` (
  `id` int UNSIGNED NOT NULL AUTO_INCREMENT,
  `selector` varchar(255) CHARACTER SET utf8mb4 COLLATE utf8mb4_general_ci NOT NULL,
  `hashedValidator` varchar(255) CHARACTER SET utf8mb4 COLLATE utf8mb4_general_ci NOT NULL,
  `user_id` int UNSIGNED NOT NULL,
  `expires` datetime NOT NULL,
  `created_at` datetime NOT NULL,
  `updated_at` datetime NOT NULL,
  PRIMARY KEY (`id`),
  UNIQUE KEY `selector` (`selector`),
  KEY `auth_remember_tokens_user_id_foreign` (`user_id`)
) ENGINE=InnoDB AUTO_INCREMENT=2 DEFAULT CHARSET=utf8mb4 COLLATE=utf8mb4_general_ci;

-- --------------------------------------------------------

--
-- Table structure for table `auth_token_logins`
--

DROP TABLE IF EXISTS `auth_token_logins`;
CREATE TABLE IF NOT EXISTS `auth_token_logins` (
  `id` int UNSIGNED NOT NULL AUTO_INCREMENT,
  `ip_address` varchar(255) CHARACTER SET utf8mb4 COLLATE utf8mb4_general_ci NOT NULL,
  `user_agent` varchar(255) CHARACTER SET utf8mb4 COLLATE utf8mb4_general_ci DEFAULT NULL,
  `id_type` varchar(255) CHARACTER SET utf8mb4 COLLATE utf8mb4_general_ci NOT NULL,
  `identifier` varchar(255) CHARACTER SET utf8mb4 COLLATE utf8mb4_general_ci NOT NULL,
  `user_id` int UNSIGNED DEFAULT NULL,
  `date` datetime NOT NULL,
  `success` tinyint(1) NOT NULL,
  PRIMARY KEY (`id`),
  KEY `id_type_identifier` (`id_type`,`identifier`),
  KEY `user_id` (`user_id`)
) ENGINE=InnoDB DEFAULT CHARSET=utf8mb4 COLLATE=utf8mb4_general_ci;

-- --------------------------------------------------------

--
-- Table structure for table `categories`
--

DROP TABLE IF EXISTS `categories`;
CREATE TABLE IF NOT EXISTS `categories` (
  `id` int UNSIGNED NOT NULL AUTO_INCREMENT,
  `cat` varchar(100) CHARACTER SET utf8mb4 COLLATE utf8mb4_general_ci NOT NULL,
  `slug` varchar(100) CHARACTER SET utf8mb4 COLLATE utf8mb4_general_ci NOT NULL,
  `is_active` tinyint(1) NOT NULL DEFAULT '0',
  `status` tinyint(1) NOT NULL DEFAULT '1',
  `created_at` datetime DEFAULT NULL,
  `updated_at` datetime DEFAULT NULL,
  PRIMARY KEY (`id`),
  UNIQUE KEY `slug` (`slug`)
) ENGINE=MyISAM AUTO_INCREMENT=16 DEFAULT CHARSET=utf8mb4 COLLATE=utf8mb4_general_ci;

--
-- Dumping data for table `categories`
--

INSERT INTO `categories` (`id`, `cat`, `slug`, `is_active`, `status`, `created_at`, `updated_at`) VALUES
(1, 'জাতীয়', 'জাতীয়', 1, 1, '2026-02-04 16:39:01', '2026-02-04 16:39:01'),
(2, 'রাজনীতি', 'রাজনীতি', 1, 1, '2026-02-04 16:39:01', '2026-02-04 16:39:01'),
(3, 'আন্তর্জাতিক', 'আন্তর্জাতিক', 1, 1, '2026-02-04 16:39:01', '2026-02-04 16:39:01'),
(4, 'অর্থনীতি', 'অর্থনীতি', 1, 1, '2026-02-04 16:39:01', '2026-02-04 16:39:01'),
(5, 'খেলা', 'খেলা', 1, 1, '2026-02-04 16:39:01', '2026-02-04 16:39:01'),
(6, 'বিনোদন', 'বিনোদন', 1, 1, '2026-02-04 16:39:01', '2026-02-04 16:39:01'),
(7, 'প্রযুক্তি', 'প্রযুক্তি', 1, 1, '2026-02-04 16:39:01', '2026-02-04 16:39:01'),
(8, 'শিক্ষা', 'শিক্ষা', 1, 1, '2026-02-04 16:39:01', '2026-02-04 16:39:01'),
(9, 'স্বাস্থ্য', 'স্বাস্থ্য', 1, 1, '2026-02-04 16:39:01', '2026-02-04 16:39:01'),
(10, 'লাইফস্টাইল', 'লাইফস্টাইল', 0, 1, '2026-02-04 16:39:01', '2026-02-04 11:12:14'),
(11, 'আবহাওয়া', 'আবহাওয়া', 0, 1, '2026-02-04 16:39:01', '2026-02-04 11:12:17'),
(12, 'আইন ও আদালত', 'আইন-ও-আদালত', 0, 1, '2026-02-04 16:39:01', '2026-02-04 11:12:19'),
(13, 'কৃষি', 'কৃষি', 0, 1, '2026-02-04 16:39:01', '2026-02-04 11:12:21'),
(14, 'চাকরি', 'চাকরি', 1, 1, '2026-02-04 16:39:01', '2026-02-05 19:16:27'),
(15, 'ভ্রমণ', 'ভ্রমণ', 0, 1, '2026-02-04 16:39:01', '2026-02-04 11:12:48');

-- --------------------------------------------------------

--
-- Table structure for table `migrations`
--

DROP TABLE IF EXISTS `migrations`;
CREATE TABLE IF NOT EXISTS `migrations` (
  `id` bigint UNSIGNED NOT NULL AUTO_INCREMENT,
  `version` varchar(255) CHARACTER SET utf8mb4 COLLATE utf8mb4_general_ci NOT NULL,
  `class` varchar(255) CHARACTER SET utf8mb4 COLLATE utf8mb4_general_ci NOT NULL,
  `group` varchar(255) CHARACTER SET utf8mb4 COLLATE utf8mb4_general_ci NOT NULL,
  `namespace` varchar(255) CHARACTER SET utf8mb4 COLLATE utf8mb4_general_ci NOT NULL,
  `time` int NOT NULL,
  `batch` int UNSIGNED NOT NULL,
  PRIMARY KEY (`id`)
) ENGINE=MyISAM AUTO_INCREMENT=13 DEFAULT CHARSET=utf8mb4 COLLATE=utf8mb4_general_ci;

--
-- Dumping data for table `migrations`
--

INSERT INTO `migrations` (`id`, `version`, `class`, `group`, `namespace`, `time`, `batch`) VALUES
(1, '2020-12-28-223112', 'CodeIgniter\\Shield\\Database\\Migrations\\CreateAuthTables', 'default', 'CodeIgniter\\Shield', 1768163640, 1),
(2, '2021-07-04-041948', 'CodeIgniter\\Settings\\Database\\Migrations\\CreateSettingsTable', 'default', 'CodeIgniter\\Settings', 1768163640, 1),
(3, '2021-11-14-143905', 'CodeIgniter\\Settings\\Database\\Migrations\\AddContextColumn', 'default', 'CodeIgniter\\Settings', 1768163641, 1),
(4, '2026-01-16-161406', 'App\\Database\\Migrations\\CreateCategoriesTable', 'default', 'App', 1769488881, 2),
(5, '2026-01-16-165148', 'App\\Database\\Migrations\\CreateSubCategoriesTable', 'default', 'App', 1769488881, 2),
(6, '2026-01-26-143435', 'App\\Database\\Migrations\\CreateNewsPostsTable', 'default', 'App', 1769488881, 2),
(7, '2026-01-26-143454', 'App\\Database\\Migrations\\CreateTagsTable', 'default', 'App', 1769488881, 2),
(8, '2026-01-26-143520', 'App\\Database\\Migrations\\CreateNewsPostCategoriesTable', 'default', 'App', 1769488881, 2),
(9, '2026-01-26-143552', 'App\\Database\\Migrations\\CreateNewsPostSubCategoriesTable', 'default', 'App', 1769488881, 2),
(10, '2026-01-26-143616', 'App\\Database\\Migrations\\CreateNewsPostTagsTable', 'default', 'App', 1769488881, 2),
(11, '2026-01-26-144422', 'App\\Database\\Migrations\\CreateNewsPostThumbnailsTable', 'default', 'App', 1769488881, 2),
(12, '2026-02-06-050147', 'App\\Database\\Migrations\\CreateNewsPostCommentsTable', 'default', 'App', 1770372991, 3);

-- --------------------------------------------------------

--
-- Table structure for table `news_posts`
--

DROP TABLE IF EXISTS `news_posts`;
CREATE TABLE IF NOT EXISTS `news_posts` (
  `id` int UNSIGNED NOT NULL AUTO_INCREMENT,
  `headline` varchar(255) CHARACTER SET utf8mb4 COLLATE utf8mb4_general_ci NOT NULL,
  `slug` varchar(191) CHARACTER SET utf8mb4 COLLATE utf8mb4_general_ci NOT NULL,
  `author` varchar(150) CHARACTER SET utf8mb4 COLLATE utf8mb4_general_ci NOT NULL,
  `post_date_time` datetime DEFAULT NULL,
  `short_description` text CHARACTER SET utf8mb4 COLLATE utf8mb4_general_ci,
  `description` longtext CHARACTER SET utf8mb4 COLLATE utf8mb4_general_ci NOT NULL,
  `status` tinyint(1) NOT NULL DEFAULT '0' COMMENT '1=published,0=draft',
  `created_at` datetime DEFAULT NULL,
  `updated_at` datetime DEFAULT NULL,
  PRIMARY KEY (`id`),
  UNIQUE KEY `slug` (`slug`)
) ENGINE=MyISAM AUTO_INCREMENT=13 DEFAULT CHARSET=utf8mb4 COLLATE=utf8mb4_general_ci;

--
-- Dumping data for table `news_posts`
--

INSERT INTO `news_posts` (`id`, `headline`, `slug`, `author`, `post_date_time`, `short_description`, `description`, `status`, `created_at`, `updated_at`) VALUES
(1, 'আজিও চেননি সোনার আদর, চেননি মুক্তাহার, হাসি মুখে তাই সোনা ঝরে পড়ে তোমাদের যারতার।', 'আজিও-চেননি-সোনার-আদর-চেননি-মুক্তাহার-হাসি-মুখে-তাই-সোনা-ঝরে-পড়ে-তোমাদের-যারতার', 'admin', '2026-02-04 13:59:06', 'আজিও চেননি সোনার আদর, চেননি মুক্তাহার, হাসি মুখে তাই সোনা ঝরে পড়ে তোমাদের যারতার।', '<p>আজিও চেননি সোনার আদর, চেননি মুক্তাহার, হাসি মুখে তাই সোনা ঝরে পড়ে তোমাদের যারতার। বিহগ ছাড়িয়া ভোরের ভজন আহারের সন্ধ্যানে, বাতাসে বাঁধিয়া পাখা-সেতু-বাঁধ ছুটিবে সুদুর-পানে। এখনো বসিয়া সেঁউতীর মালা গাঁথিছে ভোরের তারা, ঊষার রঙিন শাড়ীখানি তার বুনান হয়নি সারা। তরুণ কিশোর ছেলে, আমরা আজিকে ভাবিয়া না পাই তুমি হেথা কেন এলে? ঘরে ফিরে যাও সোনার কিশোর! এ পাপমথুরাপুরী, তোমার সোনার অঙ্গেতে দেবে বিষবান ছুঁড়ি ছুঁড়ি।</p>\r\n\r\n<p>কালিন্দী লতা গলায় জড়ায়ে সোনার গোকুল কাঁদে ব্রজের দুলাল বাঁধা নাহি পড়ে যেন মথুরার ফাঁদে। আজো কানে গোঁজ শিরীষ কুসুম কিংশুক-মঞ্জরী, অলকে বাঁধিয়া পাটল ফুলেতে ভরে লও উত্তরী! হেথা যৌবন মেলিয়া ধরিয়া জমা-খরচের খাতা, লাভ লেকাসান নিতেছে বুঝিয়া খুলিয়া পাতায় পাতা। ওপারে কিশোর, এপারে যুবক, রাজার দেউল বাড়ি, পাষাণের দেশে কেন এলে ভাই। রাখালের দেশ ছাড়ি? এখনো গোপন আঁধারের তলে আলোকের শতদল, মেঘে মেঘে লেগে বরণে বরণে করিতেছে টলমল।</p>\r\n\r\n<p>তুমিও হয়ত জান না কিশোর, সেই কিশোরীর লাগি, মনে মনে কত দেউল গেঁথেছে কত না রজনী জাগি। ওপারে কিশোর, এপারে যুবক, রাজার দেউল বাড়ি, পাষাণের দেশে কেন এলে ভাই। রাখালের দেশ ছাড়ি? এখনো গোপন আঁধারের তলে আলোকের শতদল, মেঘে মেঘে লেগে বরণে বরণে করিতেছে টলমল। তুমি ভাই সেই ব্রজের রাখাল, পাতার মুকুট পরি, তোমাদের রাজা আজো নাকি খেলে গেঁয়ো মাঠখানি ভরি। তরুণ কিশোর! তোমার জীবনে সবে এ ভোরের বেলা, ভোরের বাতাস ভোরের কুসুমে জুড়েছে রঙের খেলা।</p>\r\n\r\n<p>হয়ত তাহাও জানে না সে মেয়ে জানে না কুসুম-হার, এত যে আদরে গাঁথিছে সে তাহা গলায় দোলাবে কার? সেই ব্রজধূলি আজো ত মুছেনি তোমার সোনার গায়, কেন তবে ভাই, চরণ বাড়ালে যৌবন মথুরায়! তোমার গোকুল আজো শেখে নাই ভালবাসা বলে কারে, ভালবেসে তাই বুকে বেঁধে লয় আদরিয়া যারে তারে। হেথা যৌবন যত কিছু এর খাতায় লিখিয়া লয়, পান হতে চুন খসেনাক-এমনি হিসাবময়। কে এলে তবে ভাই, সোনার গোকুল আঁধার করিয়া এই মথুরার ঠাই।</p>\r\n\r\n<p>মোদের মথুরা টরমল করে পাপ-লালসার ভারে, ভোগের সমিধ জ্বালিয়া আমরা পুড়িতেছি বারে বারে। তুমি ভাই সেই ব্রজের রাখাল, পাতার মুকুট পরি, তোমাদের রাজা আজো নাকি খেলে গেঁয়ো মাঠখানি ভরি। এখনো গোপন আঁধারের তলে আলোকের শতদল, মেঘে মেঘে লেগে বরণে বরণে করিতেছে টলমল। এখনো গোপন আঁধারের তলে আলোকের শতদল, মেঘে মেঘে লেগে বরণে বরণে করিতেছে টলমল। এখনো আসেনি অলি, মধুর লোভেতে কোমল কুসুম দুপায়েতে দলি দলি।</p>\r\n\r\n<p>ওপারে কিশোর, এপারে যুবক, রাজার দেউল বাড়ি, পাষাণের দেশে কেন এলে ভাই। রাখালের দেশ ছাড়ি? তোমাদের প্রেম নিকষিত হেম কামনা নাহিক তায় যুগে যুগে কবি গড়িয়াছে ছবি কত ব্রজের গাঁয়! সখালী পাতাও সখাদের সাথে, বিনামূলে দাও প্রাণ, এপারে মোদের মথুরার মত নাই দান-প্রতিদান। এখনো আসেনি অলি, মধুর লোভেতে কোমল কুসুম দুপায়েতে দলি দলি। এখনো পাখিরা উঠেনি জাগিয়া, শিশির রয়েছে ঘুমে, কলঙ্কী চাঁদ পশ্চিমে হেলি কৌমুদী-লতা চুমে।</p>\r\n\r\n<p>কালিন্দী লতা গলায় জড়ায়ে সোনার গোকুল কাঁদে ব্রজের দুলাল বাঁধা নাহি পড়ে যেন মথুরার ফাঁদে। শূন্য হাওয়ার শূন্য ভরিতে বুকখানি করি শুনো, ফুলের দেউল হবে না উজাড় আজিকে প্রভাতে পুন। হেথা যৌবন মেলিয়া ধরিয়া জমা-খরচের খাতা, লাভ লেকাসান নিতেছে বুঝিয়া খুলিয়া পাতায় পাতা। এখনো গোপন আঁধারের তলে আলোকের শতদল, মেঘে মেঘে লেগে বরণে বরণে করিতেছে টলমল। কালিন্দী লতা গলায় জড়ায়ে সোনার গোকুল কাঁদে ব্রজের দুলাল বাঁধা নাহি পড়ে যেন মথুরার ফাঁদে।</p>\r\n\r\n<p>আজো নাকি সেই বাঁশীর রাজাটি তমাল-লতার ফাঁদে, চরণ জড়ায়ে নূপুর হারায়ে পথের ধূলায় কাঁদে রঙের কুহেলী তলে, তোমার জীবন ঊষার আকাশে শিশু রবি সম জ্বলে। সেথায় তোমার কিশোরী বধূটি মাটির প্রদীপ ধরি, তুলসীর মূলে প্রণাম যে আঁকে হয়ত তোমারে স্মরি। হায়রে করুণ হায়, এখনি যে সবে জাগিয়া উঠিবে প্রভাতের কিনারায়। তোমাদের সেই ব্রজের ধূলায় প্রেমের বেলাতি হয়, সেথা কেউ তার মূল্য জানে না, এই বড় বিস্ময়।</p>\r\n\r\n<p>সেই ব্রজধূলি আজো ত মুছেনি তোমার সোনার গায়, কেন তবে ভাই, চরণ বাড়ালে যৌবন মথুরায়! তরুণ কিশোর! তোমার জীবনে সবে এ ভোরের বেলা, ভোরের বাতাস ভোরের কুসুমে জুড়েছে রঙের খেলা। সেথায় তোমার কিশোরী বধূটি মাটির প্রদীপ ধরি, তুলসীর মূলে প্রণাম যে আঁকে হয়ত তোমারে স্মরি। এখনো পাখিরা উঠেনি জাগিয়া, শিশির রয়েছে ঘুমে, কলঙ্কী চাঁদ পশ্চিমে হেলি কৌমুদী-লতা চুমে। তোমার গোকুল আজো শেখে নাই ভালবাসা বলে কারে, ভালবেসে তাই বুকে বেঁধে লয় আদরিয়া যারে তারে।</p>\r\n\r\n<p>তুমি ভাই সেই ব্রজের রাখাল, পাতার মুকুট পরি, তোমাদের রাজা আজো নাকি খেলে গেঁয়ো মাঠখানি ভরি। তরুণ কিশোর ছেলে, আমরা আজিকে ভাবিয়া না পাই তুমি হেথা কেন এলে? মোদের মথুরা টরমল করে পাপ-লালসার ভারে, ভোগের সমিধ জ্বালিয়া আমরা পুড়িতেছি বারে বারে। এখনো পাখিরা উঠেনি জাগিয়া, শিশির রয়েছে ঘুমে, কলঙ্কী চাঁদ পশ্চিমে হেলি কৌমুদী-লতা চুমে। হয়ত তাহাও জানে না সে মেয়ে জানে না কুসুম-হার, এত যে আদরে গাঁথিছে সে তাহা গলায় দোলাবে কার?</p>\r\n\r\n<p>হেথা যৌবন যত কিছু এর খাতায় লিখিয়া লয়, পান হতে চুন খসেনাক-এমনি হিসাবময়। আজিও চেননি সোনার আদর, চেননি মুক্তাহার, হাসি মুখে তাই সোনা ঝরে পড়ে তোমাদের যারতার। ওপারে কিশোর, এপারে যুবক, রাজার দেউল বাড়ি, পাষাণের দেশে কেন এলে ভাই। রাখালের দেশ ছাড়ি? সেথায় তোমার কিশোরী বধূটি মাটির প্রদীপ ধরি, তুলসীর মূলে প্রণাম যে আঁকে হয়ত তোমারে স্মরি। তোমাদের সেই ব্রজের ধূলায় প্রেমের বেলাতি হয়, সেথা কেউ তার মূল্য জানে না, এই বড় বিস্ময়।</p>\r\n\r\n<p>আজো নাকি সেই বাঁশীর রাজাটি তমাল-লতার ফাঁদে, চরণ জড়ায়ে নূপুর হারায়ে পথের ধূলায় কাঁদে মাধবীলতার দোলনা বাঁধিয়া কদম্ব-শাখে শাখে, কিশোর! তোমার কিশোর সখারা তোমারে যে ওই ডাকে। হেথা যৌবন মেলিয়া ধরিয়া জমা-খরচের খাতা, লাভ লেকাসান নিতেছে বুঝিয়া খুলিয়া পাতায় পাতা। মাধবীলতার দোলনা বাঁধিয়া কদম্ব-শাখে শাখে, কিশোর! তোমার কিশোর সখারা তোমারে যে ওই ডাকে। শূন্য হাওয়ার শূন্য ভরিতে বুকখানি করি শুনো, ফুলের দেউল হবে না উজাড় আজিকে প্রভাতে পুন।</p>\r\n\r\n<p>আজো কানে গোঁজ শিরীষ কুসুম কিংশুক-মঞ্জরী, অলকে বাঁধিয়া পাটল ফুলেতে ভরে লও উত্তরী! কারে ভালবাস, কারে যে বাস না তোমরা শেখনি তাহা, আমাদের মত কামনার ফাঁদে চেননি উহু ও আহা! তরুণ কিশোর ছেলে, আমরা আজিকে ভাবিয়া না পাই তুমি হেথা কেন এলে? মাধবীলতার দোলনা বাঁধিয়া কদম্ব-শাখে শাখে, কিশোর! তোমার কিশোর সখারা তোমারে যে ওই ডাকে। তোমাদের প্রেম নিকষিত হেম কামনা নাহিক তায় যুগে যুগে কবি গড়িয়াছে ছবি কত ব্রজের গাঁয়!</p>\r\n\r\n<p>রঙের কুহেলী তলে, তোমার জীবন ঊষার আকাশে শিশু রবি সম জ্বলে। হয়ত তাহাও জানে না সে মেয়ে জানে না কুসুম-হার, এত যে আদরে গাঁথিছে সে তাহা গলায় দোলাবে কার? তোমাদের সেই ব্রজের ধূলায় প্রেমের বেলাতি হয়, সেথা কেউ তার মূল্য জানে না, এই বড় বিস্ময়। এখন হইবে লোক জানাজানি, মুখ চেনাচেনি আর, হিসাব নিকাশ হইবে এখন কতটুকু আছে কার। তোমাদের সেই ব্রজের ধূলায় প্রেমের বেলাতি হয়, সেথা কেউ তার মূল্য জানে না, এই বড় বিস্ময়।</p>\r\n\r\n<p>আজো নাকি সেই বাঁশীর রাজাটি তমাল-লতার ফাঁদে, চরণ জড়ায়ে নূপুর হারায়ে পথের ধূলায় কাঁদে শূন্য হাওয়ার শূন্য ভরিতে বুকখানি করি শুনো, ফুলের দেউল হবে না উজাড় আজিকে প্রভাতে পুন। তরুণ কিশোর ছেলে, আমরা আজিকে ভাবিয়া না পাই তুমি হেথা কেন এলে? হয়ত তাহাও জানে না সে মেয়ে জানে না কুসুম-হার, এত যে আদরে গাঁথিছে সে তাহা গলায় দোলাবে কার? হাসিটি হেথায় বাজারে বিকায় গানের বেসাত করি, হেথাকার লোক সুরের পরাণ ধরে মানে লয় ভরি।</p>\r\n\r\n<p>আজিও নিজেরে বিকাইতে পার ফুলের মালার দামে, রূপকথা শুনি তোমাদের দেশে রূপকথা-দেয়া নামে। তুমিও হয়ত জান না কিশোর, সেই কিশোরীর লাগি, মনে মনে কত দেউল গেঁথেছে কত না রজনী জাগি। এখনো আসেনি অলি, মধুর লোভেতে কোমল কুসুম দুপায়েতে দলি দলি। তুমিও হয়ত জান না কিশোর, সেই কিশোরীর লাগি, মনে মনে কত দেউল গেঁথেছে কত না রজনী জাগি। হয়ত তাহারি অলকে বাঁধিতে মাঠের কুসুম ফুল, কতদূর পথ ঘুরিয়া মরিছ কত পথ করি ভুল।</p>\r\n\r\n<p>সেথায় তোমার কিশোরী বধূটি মাটির প্রদীপ ধরি, তুলসীর মূলে প্রণাম যে আঁকে হয়ত তোমারে স্মরি। ওপারে কিশোর, এপারে যুবক, রাজার দেউল বাড়ি, পাষাণের দেশে কেন এলে ভাই। রাখালের দেশ ছাড়ি? ওপারে কিশোর, এপারে যুবক, রাজার দেউল বাড়ি, পাষাণের দেশে কেন এলে ভাই। রাখালের দেশ ছাড়ি? ঘরে ফিরে যাও সোনার কিশোর! এ পাপমথুরাপুরী, তোমার সোনার অঙ্গেতে দেবে বিষবান ছুঁড়ি ছুঁড়ি। এখনো গোপন আঁধারের তলে আলোকের শতদল, মেঘে মেঘে লেগে বরণে বরণে করিতেছে টলমল।</p>\r\n\r\n<p>এখনো পাখিরা উঠেনি জাগিয়া, শিশির রয়েছে ঘুমে, কলঙ্কী চাঁদ পশ্চিমে হেলি কৌমুদী-লতা চুমে। এখনো বসিয়া সেঁউতীর মালা গাঁথিছে ভোরের তারা, ঊষার রঙিন শাড়ীখানি তার বুনান হয়নি সারা। শূন্য হাওয়ার শূন্য ভরিতে বুকখানি করি শুনো, ফুলের দেউল হবে না উজাড় আজিকে প্রভাতে পুন। এখন হইবে লোক জানাজানি, মুখ চেনাচেনি আর, হিসাব নিকাশ হইবে এখন কতটুকু আছে কার। ডাকে কেয়াবনে ফুল-মঞ্জরি ঘন-দেয়া সম্পাতে, মাটির বুকেতে তমাল তাহার ফুল-বাহুখানি পাতে।</p>\r\n\r\n<p>আজিও নিজেরে বিকাইতে পার ফুলের মালার দামে, রূপকথা শুনি তোমাদের দেশে রূপকথা-দেয়া নামে। কারে ভালবাস, কারে যে বাস না তোমরা শেখনি তাহা, আমাদের মত কামনার ফাঁদে চেননি উহু ও আহা! আজো কানে গোঁজ শিরীষ কুসুম কিংশুক-মঞ্জরী, অলকে বাঁধিয়া পাটল ফুলেতে ভরে লও উত্তরী! সখালী পাতাও সখাদের সাথে, বিনামূলে দাও প্রাণ, এপারে মোদের মথুরার মত নাই দান-প্রতিদান। কারে ভালবাস, কারে যে বাস না তোমরা শেখনি তাহা, আমাদের মত কামনার ফাঁদে চেননি উহু ও আহা!</p>\r\n\r\n<p>এখনো আসেনি অলি, মধুর লোভেতে কোমল কুসুম দুপায়েতে দলি দলি। ঘরে ফিরে যাও সোনার কিশোর! এ পাপমথুরাপুরী, তোমার সোনার অঙ্গেতে দেবে বিষবান ছুঁড়ি ছুঁড়ি। হাসিটি হেথায় বাজারে বিকায় গানের বেসাত করি, হেথাকার লোক সুরের পরাণ ধরে মানে লয় ভরি। তোমার গোকুল আজো শেখে নাই ভালবাসা বলে কারে, ভালবেসে তাই বুকে বেঁধে লয় আদরিয়া যারে তারে। আজিও চেননি সোনার আদর, চেননি মুক্তাহার, হাসি মুখে তাই সোনা ঝরে পড়ে তোমাদের যারতার।</p>\r\n\r\n<p>তোমাদের সেই ব্রজের ধূলায় প্রেমের বেলাতি হয়, সেথা কেউ তার মূল্য জানে না, এই বড় বিস্ময়। তরুণ কিশোর ছেলে, আমরা আজিকে ভাবিয়া না পাই তুমি হেথা কেন এলে? এখনো আসেনি অলি, মধুর লোভেতে কোমল কুসুম দুপায়েতে দলি দলি। তোমাদের সেই ব্রজের ধূলায় প্রেমের বেলাতি হয়, সেথা কেউ তার মূল্য জানে না, এই বড় বিস্ময়। হেথা যৌবন যত কিছু এর খাতায় লিখিয়া লয়, পান হতে চুন খসেনাক-এমনি হিসাবময়।</p>\r\n\r\n<p>সেই ব্রজধূলি আজো ত মুছেনি তোমার সোনার গায়, কেন তবে ভাই, চরণ বাড়ালে যৌবন মথুরায়! হায়রে করুণ হায়, এখনি যে সবে জাগিয়া উঠিবে প্রভাতের কিনারায়। সেথায় তোমার কিশোরী বধূটি মাটির প্রদীপ ধরি, তুলসীর মূলে প্রণাম যে আঁকে হয়ত তোমারে স্মরি। আজো নাকি সেই বাঁশীর রাজাটি তমাল-লতার ফাঁদে, চরণ জড়ায়ে নূপুর হারায়ে পথের ধূলায় কাঁদে মাধবীলতার দোলনা বাঁধিয়া কদম্ব-শাখে শাখে, কিশোর! তোমার কিশোর সখারা তোমারে যে ওই ডাকে।</p>\r\n\r\n<p>এখনো বসিয়া সেঁউতীর মালা গাঁথিছে ভোরের তারা, ঊষার রঙিন শাড়ীখানি তার বুনান হয়নি সারা। কে এলে তবে ভাই, সোনার গোকুল আঁধার করিয়া এই মথুরার ঠাই। তোমাদের সেই ব্রজের ধূলায় প্রেমের বেলাতি হয়, সেথা কেউ তার মূল্য জানে না, এই বড় বিস্ময়। আজিও নিজেরে বিকাইতে পার ফুলের মালার দামে, রূপকথা শুনি তোমাদের দেশে রূপকথা-দেয়া নামে। হায়রে করুণ হায়, এখনি যে সবে জাগিয়া উঠিবে প্রভাতের কিনারায়।</p>\r\n\r\n<p>ডাকে কেয়াবনে ফুল-মঞ্জরি ঘন-দেয়া সম্পাতে, মাটির বুকেতে তমাল তাহার ফুল-বাহুখানি পাতে। সেই ব্রজধূলি আজো ত মুছেনি তোমার সোনার গায়, কেন তবে ভাই, চরণ বাড়ালে যৌবন মথুরায়! তরুণ কিশোর ছেলে, আমরা আজিকে ভাবিয়া না পাই তুমি হেথা কেন এলে? তরুণ কিশোর ছেলে, আমরা আজিকে ভাবিয়া না পাই তুমি হেথা কেন এলে? হাসিটি হেথায় বাজারে বিকায় গানের বেসাত করি, হেথাকার লোক সুরের পরাণ ধরে মানে লয় ভরি।</p>\r\n\r\n<p>হাসিটি হেথায় বাজারে বিকায় গানের বেসাত করি, হেথাকার লোক সুরের পরাণ ধরে মানে লয় ভরি। ডাকে কেয়াবনে ফুল-মঞ্জরি ঘন-দেয়া সম্পাতে, মাটির বুকেতে তমাল তাহার ফুল-বাহুখানি পাতে। আজিও নিজেরে বিকাইতে পার ফুলের মালার দামে, রূপকথা শুনি তোমাদের দেশে রূপকথা-দেয়া নামে। বিহগ ছাড়িয়া ভোরের ভজন আহারের সন্ধ্যানে, বাতাসে বাঁধিয়া পাখা-সেতু-বাঁধ ছুটিবে সুদুর-পানে। হয়ত তাহারি অলকে বাঁধিতে মাঠের কুসুম ফুল, কতদূর পথ ঘুরিয়া মরিছ কত পথ করি ভুল।</p>\r\n\r\n<p>তুমি ভাই সেই ব্রজের রাখাল, পাতার মুকুট পরি, তোমাদের রাজা আজো নাকি খেলে গেঁয়ো মাঠখানি ভরি। কালিন্দী লতা গলায় জড়ায়ে সোনার গোকুল কাঁদে ব্রজের দুলাল বাঁধা নাহি পড়ে যেন মথুরার ফাঁদে। সেই ব্রজধূলি আজো ত মুছেনি তোমার সোনার গায়, কেন তবে ভাই, চরণ বাড়ালে যৌবন মথুরায়! বঁধুর কোলেতে বধুয়া ঘুমায়, খোলেনি বাহুর বাঁধ, দীঘির জলেতে নাহিয়া নাহিয়া মেটেনি তারার সাধ। এখনো বসিয়া সেঁউতীর মালা গাঁথিছে ভোরের তারা, ঊষার রঙিন শাড়ীখানি তার বুনান হয়নি সারা।</p>\r\n\r\n<p>মাধবীলতার দোলনা বাঁধিয়া কদম্ব-শাখে শাখে, কিশোর! তোমার কিশোর সখারা তোমারে যে ওই ডাকে। আজিও চেননি সোনার আদর, চেননি মুক্তাহার, হাসি মুখে তাই সোনা ঝরে পড়ে তোমাদের যারতার। ঘরে ফিরে যাও সোনার কিশোর! এ পাপমথুরাপুরী, তোমার সোনার অঙ্গেতে দেবে বিষবান ছুঁড়ি ছুঁড়ি। হায়রে কিশোর হায়! ফুলের পরাণ বিকাতে এসেছ এই পাপ-মথুরায়। তোমার গোকুল আজো শেখে নাই ভালবাসা বলে কারে, ভালবেসে তাই বুকে বেঁধে লয় আদরিয়া যারে তারে।</p>\r\n\r\n<p>হয়ত তাহারি অলকে বাঁধিতে মাঠের কুসুম ফুল, কতদূর পথ ঘুরিয়া মরিছ কত পথ করি ভুল। হাসিটি হেথায় বাজারে বিকায় গানের বেসাত করি, হেথাকার লোক সুরের পরাণ ধরে মানে লয় ভরি। তুমি যে কিশোর তোমার দেশেতে হিসাব নিকাশ নাই, যে আসে নিকটে তাহারেই লও আপন বলিয়া তাই। রঙের কুহেলী তলে, তোমার জীবন ঊষার আকাশে শিশু রবি সম জ্বলে। আজো নাকি সেই বাঁশীর রাজাটি তমাল-লতার ফাঁদে, চরণ জড়ায়ে নূপুর হারায়ে পথের ধূলায় কাঁদে</p>\r\n\r\n<p>তোমার গোকুল আজো শেখে নাই ভালবাসা বলে কারে, ভালবেসে তাই বুকে বেঁধে লয় আদরিয়া যারে তারে। এখনো গোপন আঁধারের তলে আলোকের শতদল, মেঘে মেঘে লেগে বরণে বরণে করিতেছে টলমল। এখন হইবে লোক জানাজানি, মুখ চেনাচেনি আর, হিসাব নিকাশ হইবে এখন কতটুকু আছে কার। মাধবীলতার দোলনা বাঁধিয়া কদম্ব-শাখে শাখে, কিশোর! তোমার কিশোর সখারা তোমারে যে ওই ডাকে। ঘরে ফিরে যাও সোনার কিশোর! এ পাপমথুরাপুরী, তোমার সোনার অঙ্গেতে দেবে বিষবান ছুঁড়ি ছুঁড়ি।</p>\r\n\r\n<p>এখন হইবে লোক জানাজানি, মুখ চেনাচেনি আর, হিসাব নিকাশ হইবে এখন কতটুকু আছে কার। হায়রে কিশোর হায়! ফুলের পরাণ বিকাতে এসেছ এই পাপ-মথুরায়। আজিও চেননি সোনার আদর, চেননি মুক্তাহার, হাসি মুখে তাই সোনা ঝরে পড়ে তোমাদের যারতার। তোমাদের সেই ব্রজের ধূলায় প্রেমের বেলাতি হয়, সেথা কেউ তার মূল্য জানে না, এই বড় বিস্ময়। ডাকে কেয়াবনে ফুল-মঞ্জরি ঘন-দেয়া সম্পাতে, মাটির বুকেতে তমাল তাহার ফুল-বাহুখানি পাতে।</p>\r\n\r\n<p>আজিও চেননি সোনার আদর, চেননি মুক্তাহার, হাসি মুখে তাই সোনা ঝরে পড়ে তোমাদের যারতার। হয়ত তাহারি অলকে বাঁধিতে মাঠের কুসুম ফুল, কতদূর পথ ঘুরিয়া মরিছ কত পথ করি ভুল। বঁধুর কোলেতে বধুয়া ঘুমায়, খোলেনি বাহুর বাঁধ, দীঘির জলেতে নাহিয়া নাহিয়া মেটেনি তারার সাধ। ওপারে কিশোর, এপারে যুবক, রাজার দেউল বাড়ি, পাষাণের দেশে কেন এলে ভাই। রাখালের দেশ ছাড়ি? বঁধুর কোলেতে বধুয়া ঘুমায়, খোলেনি বাহুর বাঁধ, দীঘির জলেতে নাহিয়া নাহিয়া মেটেনি তারার সাধ।</p>\r\n\r\n<p>তোমার গোকুল আজো শেখে নাই ভালবাসা বলে কারে, ভালবেসে তাই বুকে বেঁধে লয় আদরিয়া যারে তারে। হাসিটি হেথায় বাজারে বিকায় গানের বেসাত করি, হেথাকার লোক সুরের পরাণ ধরে মানে লয় ভরি। এখনো বসিয়া সেঁউতীর মালা গাঁথিছে ভোরের তারা, ঊষার রঙিন শাড়ীখানি তার বুনান হয়নি সারা। তরুণ কিশোর! তোমার জীবনে সবে এ ভোরের বেলা, ভোরের বাতাস ভোরের কুসুমে জুড়েছে রঙের খেলা। এখনো আসেনি অলি, মধুর লোভেতে কোমল কুসুম দুপায়েতে দলি দলি।</p>\r\n\r\n<p>রঙের কুহেলী তলে, তোমার জীবন ঊষার আকাশে শিশু রবি সম জ্বলে। সেথায় তোমার কিশোরী বধূটি মাটির প্রদীপ ধরি, তুলসীর মূলে প্রণাম যে আঁকে হয়ত তোমারে স্মরি। ওপারে কিশোর, এপারে যুবক, রাজার দেউল বাড়ি, পাষাণের দেশে কেন এলে ভাই। রাখালের দেশ ছাড়ি? হয়ত তাহাও জানে না সে মেয়ে জানে না কুসুম-হার, এত যে আদরে গাঁথিছে সে তাহা গলায় দোলাবে কার? তোমাদের প্রেম নিকষিত হেম কামনা নাহিক তায় যুগে যুগে কবি গড়িয়াছে ছবি কত ব্রজের গাঁয়!</p>\r\n\r\n<p>কে এলে তবে ভাই, সোনার গোকুল আঁধার করিয়া এই মথুরার ঠাই। এখনো আসেনি অলি, মধুর লোভেতে কোমল কুসুম দুপায়েতে দলি দলি। তোমাদের প্রেম নিকষিত হেম কামনা নাহিক তায় যুগে যুগে কবি গড়িয়াছে ছবি কত ব্রজের গাঁয়! সখালী পাতাও সখাদের সাথে, বিনামূলে দাও প্রাণ, এপারে মোদের মথুরার মত নাই দান-প্রতিদান। মোদের মথুরা টরমল করে পাপ-লালসার ভারে, ভোগের সমিধ জ্বালিয়া আমরা পুড়িতেছি বারে বারে।</p>\r\n\r\n<p>তোমাদের প্রেম নিকষিত হেম কামনা নাহিক তায় যুগে যুগে কবি গড়িয়াছে ছবি কত ব্রজের গাঁয়! ওপারে কিশোর, এপারে যুবক, রাজার দেউল বাড়ি, পাষাণের দেশে কেন এলে ভাই। রাখালের দেশ ছাড়ি? এখনো গোপন আঁধারের তলে আলোকের শতদল, মেঘে মেঘে লেগে বরণে বরণে করিতেছে টলমল। তোমার গোকুল আজো শেখে নাই ভালবাসা বলে কারে, ভালবেসে তাই বুকে বেঁধে লয় আদরিয়া যারে তারে। তরুণ কিশোর! তোমার জীবনে সবে এ ভোরের বেলা, ভোরের বাতাস ভোরের কুসুমে জুড়েছে রঙের খেলা।</p>\r\n\r\n<p>তুমি ভাই সেই ব্রজের রাখাল, পাতার মুকুট পরি, তোমাদের রাজা আজো নাকি খেলে গেঁয়ো মাঠখানি ভরি। তুমি যে কিশোর তোমার দেশেতে হিসাব নিকাশ নাই, যে আসে নিকটে তাহারেই লও আপন বলিয়া তাই। কারে ভালবাস, কারে যে বাস না তোমরা শেখনি তাহা, আমাদের মত কামনার ফাঁদে চেননি উহু ও আহা! কে এলে তবে ভাই, সোনার গোকুল আঁধার করিয়া এই মথুরার ঠাই। এখনো পাখিরা উঠেনি জাগিয়া, শিশির রয়েছে ঘুমে, কলঙ্কী চাঁদ পশ্চিমে হেলি কৌমুদী-লতা চুমে।</p>\r\n\r\n<p>তোমার গোকুল আজো শেখে নাই ভালবাসা বলে কারে, ভালবেসে তাই বুকে বেঁধে লয় আদরিয়া যারে তারে। তোমাদের প্রেম নিকষিত হেম কামনা নাহিক তায় যুগে যুগে কবি গড়িয়াছে ছবি কত ব্রজের গাঁয়! আজিও নিজেরে বিকাইতে পার ফুলের মালার দামে, রূপকথা শুনি তোমাদের দেশে রূপকথা-দেয়া নামে। এখনো গোপন আঁধারের তলে আলোকের শতদল, মেঘে মেঘে লেগে বরণে বরণে করিতেছে টলমল। এখনো গোপন আঁধারের তলে আলোকের শতদল, মেঘে মেঘে লেগে বরণে বরণে করিতেছে টলমল।</p>\r\n\r\n<p>হাসিটি হেথায় বাজারে বিকায় গানের বেসাত করি, হেথাকার লোক সুরের পরাণ ধরে মানে লয় ভরি। হয়ত তাহারি অলকে বাঁধিতে মাঠের কুসুম ফুল, কতদূর পথ ঘুরিয়া মরিছ কত পথ করি ভুল। মাধবীলতার দোলনা বাঁধিয়া কদম্ব-শাখে শাখে, কিশোর! তোমার কিশোর সখারা তোমারে যে ওই ডাকে। বঁধুর কোলেতে বধুয়া ঘুমায়, খোলেনি বাহুর বাঁধ, দীঘির জলেতে নাহিয়া নাহিয়া মেটেনি তারার সাধ। তুমিও হয়ত জান না কিশোর, সেই কিশোরীর লাগি, মনে মনে কত দেউল গেঁথেছে কত না রজনী জাগি।</p>\r\n\r\n<p>তুমি ভাই সেই ব্রজের রাখাল, পাতার মুকুট পরি, তোমাদের রাজা আজো নাকি খেলে গেঁয়ো মাঠখানি ভরি। ওপারে কিশোর, এপারে যুবক, রাজার দেউল বাড়ি, পাষাণের দেশে কেন এলে ভাই। রাখালের দেশ ছাড়ি? তুমিও হয়ত জান না কিশোর, সেই কিশোরীর লাগি, মনে মনে কত দেউল গেঁথেছে কত না রজনী জাগি। এখনো বসিয়া সেঁউতীর মালা গাঁথিছে ভোরের তারা, ঊষার রঙিন শাড়ীখানি তার বুনান হয়নি সারা। তোমার গোকুল আজো শেখে নাই ভালবাসা বলে কারে, ভালবেসে তাই বুকে বেঁধে লয় আদরিয়া যারে তারে।</p>\r\n\r\n<p>হাসিটি হেথায় বাজারে বিকায় গানের বেসাত করি, হেথাকার লোক সুরের পরাণ ধরে মানে লয় ভরি। সেথায় তোমার কিশোরী বধূটি মাটির প্রদীপ ধরি, তুলসীর মূলে প্রণাম যে আঁকে হয়ত তোমারে স্মরি। হেথা যৌবন মেলিয়া ধরিয়া জমা-খরচের খাতা, লাভ লেকাসান নিতেছে বুঝিয়া খুলিয়া পাতায় পাতা। তোমাদের প্রেম নিকষিত হেম কামনা নাহিক তায় যুগে যুগে কবি গড়িয়াছে ছবি কত ব্রজের গাঁয়! রঙের কুহেলী তলে, তোমার জীবন ঊষার আকাশে শিশু রবি সম জ্বলে।</p>\r\n\r\n<p>এখনো পাখিরা উঠেনি জাগিয়া, শিশির রয়েছে ঘুমে, কলঙ্কী চাঁদ পশ্চিমে হেলি কৌমুদী-লতা চুমে। তোমাদের সেই ব্রজের ধূলায় প্রেমের বেলাতি হয়, সেথা কেউ তার মূল্য জানে না, এই বড় বিস্ময়। তুমিও হয়ত জান না কিশোর, সেই কিশোরীর লাগি, মনে মনে কত দেউল গেঁথেছে কত না রজনী জাগি। তরুণ কিশোর! তোমার জীবনে সবে এ ভোরের বেলা, ভোরের বাতাস ভোরের কুসুমে জুড়েছে রঙের খেলা। মোদের মথুরা টরমল করে পাপ-লালসার ভারে, ভোগের সমিধ জ্বালিয়া আমরা পুড়িতেছি বারে বারে।</p>\r\n\r\n<p>আজিও চেননি সোনার আদর, চেননি মুক্তাহার, হাসি মুখে তাই সোনা ঝরে পড়ে তোমাদের যারতার। সেই ব্রজধূলি আজো ত মুছেনি তোমার সোনার গায়, কেন তবে ভাই, চরণ বাড়ালে যৌবন মথুরায়! শূন্য হাওয়ার শূন্য ভরিতে বুকখানি করি শুনো, ফুলের দেউল হবে না উজাড় আজিকে প্রভাতে পুন। হয়ত তাহারি অলকে বাঁধিতে মাঠের কুসুম ফুল, কতদূর পথ ঘুরিয়া মরিছ কত পথ করি ভুল। এখনো পাখিরা উঠেনি জাগিয়া, শিশির রয়েছে ঘুমে, কলঙ্কী চাঁদ পশ্চিমে হেলি কৌমুদী-লতা চুমে।</p>\r\n\r\n<p>হেথা যৌবন যত কিছু এর খাতায় লিখিয়া লয়, পান হতে চুন খসেনাক-এমনি হিসাবময়। এখনো পাখিরা উঠেনি জাগিয়া, শিশির রয়েছে ঘুমে, কলঙ্কী চাঁদ পশ্চিমে হেলি কৌমুদী-লতা চুমে। আজো নাকি সেই বাঁশীর রাজাটি তমাল-লতার ফাঁদে, চরণ জড়ায়ে নূপুর হারায়ে পথের ধূলায় কাঁদে আজিও নিজেরে বিকাইতে পার ফুলের মালার দামে, রূপকথা শুনি তোমাদের দেশে রূপকথা-দেয়া নামে। হয়ত তাহারি অলকে বাঁধিতে মাঠের কুসুম ফুল, কতদূর পথ ঘুরিয়া মরিছ কত পথ করি ভুল।</p>\r\n\r\n<p>তুমি ভাই সেই ব্রজের রাখাল, পাতার মুকুট পরি, তোমাদের রাজা আজো নাকি খেলে গেঁয়ো মাঠখানি ভরি। সখালী পাতাও সখাদের সাথে, বিনামূলে দাও প্রাণ, এপারে মোদের মথুরার মত নাই দান-প্রতিদান। তুমি যে কিশোর তোমার দেশেতে হিসাব নিকাশ নাই, যে আসে নিকটে তাহারেই লও আপন বলিয়া তাই। বঁধুর কোলেতে বধুয়া ঘুমায়, খোলেনি বাহুর বাঁধ, দীঘির জলেতে নাহিয়া নাহিয়া মেটেনি তারার সাধ। হয়ত তাহাও জানে না সে মেয়ে জানে না কুসুম-হার, এত যে আদরে গাঁথিছে সে তাহা গলায় দোলাবে কার?</p>\r\n\r\n<p>মোদের মথুরা টরমল করে পাপ-লালসার ভারে, ভোগের সমিধ জ্বালিয়া আমরা পুড়িতেছি বারে বারে। হয়ত তাহাও জানে না সে মেয়ে জানে না কুসুম-হার, এত যে আদরে গাঁথিছে সে তাহা গলায় দোলাবে কার? তোমার গোকুল আজো শেখে নাই ভালবাসা বলে কারে, ভালবেসে তাই বুকে বেঁধে লয় আদরিয়া যারে তারে। তোমাদের সেই ব্রজের ধূলায় প্রেমের বেলাতি হয়, সেথা কেউ তার মূল্য জানে না, এই বড় বিস্ময়। তরুণ কিশোর ছেলে, আমরা আজিকে ভাবিয়া না পাই তুমি হেথা কেন এলে?</p>\r\n\r\n<p>ঘরে ফিরে যাও সোনার কিশোর! এ পাপমথুরাপুরী, তোমার সোনার অঙ্গেতে দেবে বিষবান ছুঁড়ি ছুঁড়ি। আজো নাকি সেই বাঁশীর রাজাটি তমাল-লতার ফাঁদে, চরণ জড়ায়ে নূপুর হারায়ে পথের ধূলায় কাঁদে রঙের কুহেলী তলে, তোমার জীবন ঊষার আকাশে শিশু রবি সম জ্বলে। বঁধুর কোলেতে বধুয়া ঘুমায়, খোলেনি বাহুর বাঁধ, দীঘির জলেতে নাহিয়া নাহিয়া মেটেনি তারার সাধ। ঘরে ফিরে যাও সোনার কিশোর! এ পাপমথুরাপুরী, তোমার সোনার অঙ্গেতে দেবে বিষবান ছুঁড়ি ছুঁড়ি।</p>\r\n\r\n<p>আজো কানে গোঁজ শিরীষ কুসুম কিংশুক-মঞ্জরী, অলকে বাঁধিয়া পাটল ফুলেতে ভরে লও উত্তরী! কালিন্দী লতা গলায় জড়ায়ে সোনার গোকুল কাঁদে ব্রজের দুলাল বাঁধা নাহি পড়ে যেন মথুরার ফাঁদে। সেই ব্রজধূলি আজো ত মুছেনি তোমার সোনার গায়, কেন তবে ভাই, চরণ বাড়ালে যৌবন মথুরায়! আজো নাকি সেই বাঁশীর রাজাটি তমাল-লতার ফাঁদে, চরণ জড়ায়ে নূপুর হারায়ে পথের ধূলায় কাঁদে মোদের মথুরা টরমল করে পাপ-লালসার ভারে, ভোগের সমিধ জ্বালিয়া আমরা পুড়িতেছি বারে বারে।</p>\r\n\r\n<p>হয়ত তাহাও জানে না সে মেয়ে জানে না কুসুম-হার, এত যে আদরে গাঁথিছে সে তাহা গলায় দোলাবে কার? ডাকে কেয়াবনে ফুল-মঞ্জরি ঘন-দেয়া সম্পাতে, মাটির বুকেতে তমাল তাহার ফুল-বাহুখানি পাতে। এখনো গোপন আঁধারের তলে আলোকের শতদল, মেঘে মেঘে লেগে বরণে বরণে করিতেছে টলমল। রঙের কুহেলী তলে, তোমার জীবন ঊষার আকাশে শিশু রবি সম জ্বলে। সখালী পাতাও সখাদের সাথে, বিনামূলে দাও প্রাণ, এপারে মোদের মথুরার মত নাই দান-প্রতিদান।</p>\r\n\r\n<p>তরুণ কিশোর ছেলে, আমরা আজিকে ভাবিয়া না পাই তুমি হেথা কেন এলে? এখনো পাখিরা উঠেনি জাগিয়া, শিশির রয়েছে ঘুমে, কলঙ্কী চাঁদ পশ্চিমে হেলি কৌমুদী-লতা চুমে। তরুণ কিশোর ছেলে, আমরা আজিকে ভাবিয়া না পাই তুমি হেথা কেন এলে? কালিন্দী লতা গলায় জড়ায়ে সোনার গোকুল কাঁদে ব্রজের দুলাল বাঁধা নাহি পড়ে যেন মথুরার ফাঁদে। হয়ত তাহাও জানে না সে মেয়ে জানে না কুসুম-হার, এত যে আদরে গাঁথিছে সে তাহা গলায় দোলাবে কার?</p>\r\n\r\n<p>কারে ভালবাস, কারে যে বাস না তোমরা শেখনি তাহা, আমাদের মত কামনার ফাঁদে চেননি উহু ও আহা! হাসিটি হেথায় বাজারে বিকায় গানের বেসাত করি, হেথাকার লোক সুরের পরাণ ধরে মানে লয় ভরি। এখনো পাখিরা উঠেনি জাগিয়া, শিশির রয়েছে ঘুমে, কলঙ্কী চাঁদ পশ্চিমে হেলি কৌমুদী-লতা চুমে। হায়রে করুণ হায়, এখনি যে সবে জাগিয়া উঠিবে প্রভাতের কিনারায়। এখনো গোপন আঁধারের তলে আলোকের শতদল, মেঘে মেঘে লেগে বরণে বরণে করিতেছে টলমল।</p>', 1, '2026-02-04 11:17:39', '2026-02-04 13:59:06'),
(2, 'কারে ভালবাস, কারে যে বাস না তোমরা শেখনি তাহা', 'কারে-ভালবাস-কারে-যে-বাস-না-তোমরা-শেখনি-তাহা', 'admin', '2026-02-04 14:16:12', 'কারে ভালবাস, কারে যে বাস না তোমরা শেখনি তাহা', '<p>আজিও চেননি সোনার আদর, চেননি মুক্তাহার, হাসি মুখে তাই সোনা ঝরে পড়ে তোমাদের যারতার। বিহগ ছাড়িয়া ভোরের ভজন আহারের সন্ধ্যানে, বাতাসে বাঁধিয়া পাখা-সেতু-বাঁধ ছুটিবে সুদুর-পানে। এখনো বসিয়া সেঁউতীর মালা গাঁথিছে ভোরের তারা, ঊষার রঙিন শাড়ীখানি তার বুনান হয়নি সারা। তরুণ কিশোর ছেলে, আমরা আজিকে ভাবিয়া না পাই তুমি হেথা কেন এলে? ঘরে ফিরে যাও সোনার কিশোর! এ পাপমথুরাপুরী, তোমার সোনার অঙ্গেতে দেবে বিষবান ছুঁড়ি ছুঁড়ি।</p>\r\n\r\n<p>কালিন্দী লতা গলায় জড়ায়ে সোনার গোকুল কাঁদে ব্রজের দুলাল বাঁধা নাহি পড়ে যেন মথুরার ফাঁদে। আজো কানে গোঁজ শিরীষ কুসুম কিংশুক-মঞ্জরী, অলকে বাঁধিয়া পাটল ফুলেতে ভরে লও উত্তরী! হেথা যৌবন মেলিয়া ধরিয়া জমা-খরচের খাতা, লাভ লেকাসান নিতেছে বুঝিয়া খুলিয়া পাতায় পাতা। ওপারে কিশোর, এপারে যুবক, রাজার দেউল বাড়ি, পাষাণের দেশে কেন এলে ভাই। রাখালের দেশ ছাড়ি? এখনো গোপন আঁধারের তলে আলোকের শতদল, মেঘে মেঘে লেগে বরণে বরণে করিতেছে টলমল।</p>\r\n\r\n<p>তুমিও হয়ত জান না কিশোর, সেই কিশোরীর লাগি, মনে মনে কত দেউল গেঁথেছে কত না রজনী জাগি। ওপারে কিশোর, এপারে যুবক, রাজার দেউল বাড়ি, পাষাণের দেশে কেন এলে ভাই। রাখালের দেশ ছাড়ি? এখনো গোপন আঁধারের তলে আলোকের শতদল, মেঘে মেঘে লেগে বরণে বরণে করিতেছে টলমল। তুমি ভাই সেই ব্রজের রাখাল, পাতার মুকুট পরি, তোমাদের রাজা আজো নাকি খেলে গেঁয়ো মাঠখানি ভরি। তরুণ কিশোর! তোমার জীবনে সবে এ ভোরের বেলা, ভোরের বাতাস ভোরের কুসুমে জুড়েছে রঙের খেলা।</p>\r\n\r\n<p>হয়ত তাহাও জানে না সে মেয়ে জানে না কুসুম-হার, এত যে আদরে গাঁথিছে সে তাহা গলায় দোলাবে কার? সেই ব্রজধূলি আজো ত মুছেনি তোমার সোনার গায়, কেন তবে ভাই, চরণ বাড়ালে যৌবন মথুরায়! তোমার গোকুল আজো শেখে নাই ভালবাসা বলে কারে, ভালবেসে তাই বুকে বেঁধে লয় আদরিয়া যারে তারে। হেথা যৌবন যত কিছু এর খাতায় লিখিয়া লয়, পান হতে চুন খসেনাক-এমনি হিসাবময়। কে এলে তবে ভাই, সোনার গোকুল আঁধার করিয়া এই মথুরার ঠাই।</p>\r\n\r\n<p>মোদের মথুরা টরমল করে পাপ-লালসার ভারে, ভোগের সমিধ জ্বালিয়া আমরা পুড়িতেছি বারে বারে। তুমি ভাই সেই ব্রজের রাখাল, পাতার মুকুট পরি, তোমাদের রাজা আজো নাকি খেলে গেঁয়ো মাঠখানি ভরি। এখনো গোপন আঁধারের তলে আলোকের শতদল, মেঘে মেঘে লেগে বরণে বরণে করিতেছে টলমল। এখনো গোপন আঁধারের তলে আলোকের শতদল, মেঘে মেঘে লেগে বরণে বরণে করিতেছে টলমল। এখনো আসেনি অলি, মধুর লোভেতে কোমল কুসুম দুপায়েতে দলি দলি।</p>\r\n\r\n<p>ওপারে কিশোর, এপারে যুবক, রাজার দেউল বাড়ি, পাষাণের দেশে কেন এলে ভাই। রাখালের দেশ ছাড়ি? তোমাদের প্রেম নিকষিত হেম কামনা নাহিক তায় যুগে যুগে কবি গড়িয়াছে ছবি কত ব্রজের গাঁয়! সখালী পাতাও সখাদের সাথে, বিনামূলে দাও প্রাণ, এপারে মোদের মথুরার মত নাই দান-প্রতিদান। এখনো আসেনি অলি, মধুর লোভেতে কোমল কুসুম দুপায়েতে দলি দলি। এখনো পাখিরা উঠেনি জাগিয়া, শিশির রয়েছে ঘুমে, কলঙ্কী চাঁদ পশ্চিমে হেলি কৌমুদী-লতা চুমে।</p>\r\n\r\n<p>কালিন্দী লতা গলায় জড়ায়ে সোনার গোকুল কাঁদে ব্রজের দুলাল বাঁধা নাহি পড়ে যেন মথুরার ফাঁদে। শূন্য হাওয়ার শূন্য ভরিতে বুকখানি করি শুনো, ফুলের দেউল হবে না উজাড় আজিকে প্রভাতে পুন। হেথা যৌবন মেলিয়া ধরিয়া জমা-খরচের খাতা, লাভ লেকাসান নিতেছে বুঝিয়া খুলিয়া পাতায় পাতা। এখনো গোপন আঁধারের তলে আলোকের শতদল, মেঘে মেঘে লেগে বরণে বরণে করিতেছে টলমল। কালিন্দী লতা গলায় জড়ায়ে সোনার গোকুল কাঁদে ব্রজের দুলাল বাঁধা নাহি পড়ে যেন মথুরার ফাঁদে।</p>\r\n\r\n<p>আজো নাকি সেই বাঁশীর রাজাটি তমাল-লতার ফাঁদে, চরণ জড়ায়ে নূপুর হারায়ে পথের ধূলায় কাঁদে রঙের কুহেলী তলে, তোমার জীবন ঊষার আকাশে শিশু রবি সম জ্বলে। সেথায় তোমার কিশোরী বধূটি মাটির প্রদীপ ধরি, তুলসীর মূলে প্রণাম যে আঁকে হয়ত তোমারে স্মরি। হায়রে করুণ হায়, এখনি যে সবে জাগিয়া উঠিবে প্রভাতের কিনারায়। তোমাদের সেই ব্রজের ধূলায় প্রেমের বেলাতি হয়, সেথা কেউ তার মূল্য জানে না, এই বড় বিস্ময়।</p>\r\n\r\n<p>সেই ব্রজধূলি আজো ত মুছেনি তোমার সোনার গায়, কেন তবে ভাই, চরণ বাড়ালে যৌবন মথুরায়! তরুণ কিশোর! তোমার জীবনে সবে এ ভোরের বেলা, ভোরের বাতাস ভোরের কুসুমে জুড়েছে রঙের খেলা। সেথায় তোমার কিশোরী বধূটি মাটির প্রদীপ ধরি, তুলসীর মূলে প্রণাম যে আঁকে হয়ত তোমারে স্মরি। এখনো পাখিরা উঠেনি জাগিয়া, শিশির রয়েছে ঘুমে, কলঙ্কী চাঁদ পশ্চিমে হেলি কৌমুদী-লতা চুমে। তোমার গোকুল আজো শেখে নাই ভালবাসা বলে কারে, ভালবেসে তাই বুকে বেঁধে লয় আদরিয়া যারে তারে।</p>\r\n\r\n<p>তুমি ভাই সেই ব্রজের রাখাল, পাতার মুকুট পরি, তোমাদের রাজা আজো নাকি খেলে গেঁয়ো মাঠখানি ভরি। তরুণ কিশোর ছেলে, আমরা আজিকে ভাবিয়া না পাই তুমি হেথা কেন এলে? মোদের মথুরা টরমল করে পাপ-লালসার ভারে, ভোগের সমিধ জ্বালিয়া আমরা পুড়িতেছি বারে বারে। এখনো পাখিরা উঠেনি জাগিয়া, শিশির রয়েছে ঘুমে, কলঙ্কী চাঁদ পশ্চিমে হেলি কৌমুদী-লতা চুমে। হয়ত তাহাও জানে না সে মেয়ে জানে না কুসুম-হার, এত যে আদরে গাঁথিছে সে তাহা গলায় দোলাবে কার?</p>\r\n\r\n<p>হেথা যৌবন যত কিছু এর খাতায় লিখিয়া লয়, পান হতে চুন খসেনাক-এমনি হিসাবময়। আজিও চেননি সোনার আদর, চেননি মুক্তাহার, হাসি মুখে তাই সোনা ঝরে পড়ে তোমাদের যারতার। ওপারে কিশোর, এপারে যুবক, রাজার দেউল বাড়ি, পাষাণের দেশে কেন এলে ভাই। রাখালের দেশ ছাড়ি? সেথায় তোমার কিশোরী বধূটি মাটির প্রদীপ ধরি, তুলসীর মূলে প্রণাম যে আঁকে হয়ত তোমারে স্মরি। তোমাদের সেই ব্রজের ধূলায় প্রেমের বেলাতি হয়, সেথা কেউ তার মূল্য জানে না, এই বড় বিস্ময়।</p>\r\n\r\n<p>আজো নাকি সেই বাঁশীর রাজাটি তমাল-লতার ফাঁদে, চরণ জড়ায়ে নূপুর হারায়ে পথের ধূলায় কাঁদে মাধবীলতার দোলনা বাঁধিয়া কদম্ব-শাখে শাখে, কিশোর! তোমার কিশোর সখারা তোমারে যে ওই ডাকে। হেথা যৌবন মেলিয়া ধরিয়া জমা-খরচের খাতা, লাভ লেকাসান নিতেছে বুঝিয়া খুলিয়া পাতায় পাতা। মাধবীলতার দোলনা বাঁধিয়া কদম্ব-শাখে শাখে, কিশোর! তোমার কিশোর সখারা তোমারে যে ওই ডাকে। শূন্য হাওয়ার শূন্য ভরিতে বুকখানি করি শুনো, ফুলের দেউল হবে না উজাড় আজিকে প্রভাতে পুন।</p>\r\n\r\n<p>আজো কানে গোঁজ শিরীষ কুসুম কিংশুক-মঞ্জরী, অলকে বাঁধিয়া পাটল ফুলেতে ভরে লও উত্তরী! কারে ভালবাস, কারে যে বাস না তোমরা শেখনি তাহা, আমাদের মত কামনার ফাঁদে চেননি উহু ও আহা! তরুণ কিশোর ছেলে, আমরা আজিকে ভাবিয়া না পাই তুমি হেথা কেন এলে? মাধবীলতার দোলনা বাঁধিয়া কদম্ব-শাখে শাখে, কিশোর! তোমার কিশোর সখারা তোমারে যে ওই ডাকে। তোমাদের প্রেম নিকষিত হেম কামনা নাহিক তায় যুগে যুগে কবি গড়িয়াছে ছবি কত ব্রজের গাঁয়!</p>\r\n\r\n<p>রঙের কুহেলী তলে, তোমার জীবন ঊষার আকাশে শিশু রবি সম জ্বলে। হয়ত তাহাও জানে না সে মেয়ে জানে না কুসুম-হার, এত যে আদরে গাঁথিছে সে তাহা গলায় দোলাবে কার? তোমাদের সেই ব্রজের ধূলায় প্রেমের বেলাতি হয়, সেথা কেউ তার মূল্য জানে না, এই বড় বিস্ময়। এখন হইবে লোক জানাজানি, মুখ চেনাচেনি আর, হিসাব নিকাশ হইবে এখন কতটুকু আছে কার। তোমাদের সেই ব্রজের ধূলায় প্রেমের বেলাতি হয়, সেথা কেউ তার মূল্য জানে না, এই বড় বিস্ময়।</p>\r\n\r\n<p>আজো নাকি সেই বাঁশীর রাজাটি তমাল-লতার ফাঁদে, চরণ জড়ায়ে নূপুর হারায়ে পথের ধূলায় কাঁদে শূন্য হাওয়ার শূন্য ভরিতে বুকখানি করি শুনো, ফুলের দেউল হবে না উজাড় আজিকে প্রভাতে পুন। তরুণ কিশোর ছেলে, আমরা আজিকে ভাবিয়া না পাই তুমি হেথা কেন এলে? হয়ত তাহাও জানে না সে মেয়ে জানে না কুসুম-হার, এত যে আদরে গাঁথিছে সে তাহা গলায় দোলাবে কার? হাসিটি হেথায় বাজারে বিকায় গানের বেসাত করি, হেথাকার লোক সুরের পরাণ ধরে মানে লয় ভরি।</p>\r\n\r\n<p>আজিও নিজেরে বিকাইতে পার ফুলের মালার দামে, রূপকথা শুনি তোমাদের দেশে রূপকথা-দেয়া নামে। তুমিও হয়ত জান না কিশোর, সেই কিশোরীর লাগি, মনে মনে কত দেউল গেঁথেছে কত না রজনী জাগি। এখনো আসেনি অলি, মধুর লোভেতে কোমল কুসুম দুপায়েতে দলি দলি। তুমিও হয়ত জান না কিশোর, সেই কিশোরীর লাগি, মনে মনে কত দেউল গেঁথেছে কত না রজনী জাগি। হয়ত তাহারি অলকে বাঁধিতে মাঠের কুসুম ফুল, কতদূর পথ ঘুরিয়া মরিছ কত পথ করি ভুল।</p>\r\n\r\n<p>সেথায় তোমার কিশোরী বধূটি মাটির প্রদীপ ধরি, তুলসীর মূলে প্রণাম যে আঁকে হয়ত তোমারে স্মরি। ওপারে কিশোর, এপারে যুবক, রাজার দেউল বাড়ি, পাষাণের দেশে কেন এলে ভাই। রাখালের দেশ ছাড়ি? ওপারে কিশোর, এপারে যুবক, রাজার দেউল বাড়ি, পাষাণের দেশে কেন এলে ভাই। রাখালের দেশ ছাড়ি? ঘরে ফিরে যাও সোনার কিশোর! এ পাপমথুরাপুরী, তোমার সোনার অঙ্গেতে দেবে বিষবান ছুঁড়ি ছুঁড়ি। এখনো গোপন আঁধারের তলে আলোকের শতদল, মেঘে মেঘে লেগে বরণে বরণে করিতেছে টলমল।</p>\r\n\r\n<p>এখনো পাখিরা উঠেনি জাগিয়া, শিশির রয়েছে ঘুমে, কলঙ্কী চাঁদ পশ্চিমে হেলি কৌমুদী-লতা চুমে। এখনো বসিয়া সেঁউতীর মালা গাঁথিছে ভোরের তারা, ঊষার রঙিন শাড়ীখানি তার বুনান হয়নি সারা। শূন্য হাওয়ার শূন্য ভরিতে বুকখানি করি শুনো, ফুলের দেউল হবে না উজাড় আজিকে প্রভাতে পুন। এখন হইবে লোক জানাজানি, মুখ চেনাচেনি আর, হিসাব নিকাশ হইবে এখন কতটুকু আছে কার। ডাকে কেয়াবনে ফুল-মঞ্জরি ঘন-দেয়া সম্পাতে, মাটির বুকেতে তমাল তাহার ফুল-বাহুখানি পাতে।</p>\r\n\r\n<p>আজিও নিজেরে বিকাইতে পার ফুলের মালার দামে, রূপকথা শুনি তোমাদের দেশে রূপকথা-দেয়া নামে। কারে ভালবাস, কারে যে বাস না তোমরা শেখনি তাহা, আমাদের মত কামনার ফাঁদে চেননি উহু ও আহা! আজো কানে গোঁজ শিরীষ কুসুম কিংশুক-মঞ্জরী, অলকে বাঁধিয়া পাটল ফুলেতে ভরে লও উত্তরী! সখালী পাতাও সখাদের সাথে, বিনামূলে দাও প্রাণ, এপারে মোদের মথুরার মত নাই দান-প্রতিদান। কারে ভালবাস, কারে যে বাস না তোমরা শেখনি তাহা, আমাদের মত কামনার ফাঁদে চেননি উহু ও আহা!</p>\r\n\r\n<p>এখনো আসেনি অলি, মধুর লোভেতে কোমল কুসুম দুপায়েতে দলি দলি। ঘরে ফিরে যাও সোনার কিশোর! এ পাপমথুরাপুরী, তোমার সোনার অঙ্গেতে দেবে বিষবান ছুঁড়ি ছুঁড়ি। হাসিটি হেথায় বাজারে বিকায় গানের বেসাত করি, হেথাকার লোক সুরের পরাণ ধরে মানে লয় ভরি। তোমার গোকুল আজো শেখে নাই ভালবাসা বলে কারে, ভালবেসে তাই বুকে বেঁধে লয় আদরিয়া যারে তারে। আজিও চেননি সোনার আদর, চেননি মুক্তাহার, হাসি মুখে তাই সোনা ঝরে পড়ে তোমাদের যারতার।</p>\r\n\r\n<p>তোমাদের সেই ব্রজের ধূলায় প্রেমের বেলাতি হয়, সেথা কেউ তার মূল্য জানে না, এই বড় বিস্ময়। তরুণ কিশোর ছেলে, আমরা আজিকে ভাবিয়া না পাই তুমি হেথা কেন এলে? এখনো আসেনি অলি, মধুর লোভেতে কোমল কুসুম দুপায়েতে দলি দলি। তোমাদের সেই ব্রজের ধূলায় প্রেমের বেলাতি হয়, সেথা কেউ তার মূল্য জানে না, এই বড় বিস্ময়। হেথা যৌবন যত কিছু এর খাতায় লিখিয়া লয়, পান হতে চুন খসেনাক-এমনি হিসাবময়।</p>\r\n\r\n<p>সেই ব্রজধূলি আজো ত মুছেনি তোমার সোনার গায়, কেন তবে ভাই, চরণ বাড়ালে যৌবন মথুরায়! হায়রে করুণ হায়, এখনি যে সবে জাগিয়া উঠিবে প্রভাতের কিনারায়। সেথায় তোমার কিশোরী বধূটি মাটির প্রদীপ ধরি, তুলসীর মূলে প্রণাম যে আঁকে হয়ত তোমারে স্মরি। আজো নাকি সেই বাঁশীর রাজাটি তমাল-লতার ফাঁদে, চরণ জড়ায়ে নূপুর হারায়ে পথের ধূলায় কাঁদে মাধবীলতার দোলনা বাঁধিয়া কদম্ব-শাখে শাখে, কিশোর! তোমার কিশোর সখারা তোমারে যে ওই ডাকে।</p>\r\n\r\n<p>এখনো বসিয়া সেঁউতীর মালা গাঁথিছে ভোরের তারা, ঊষার রঙিন শাড়ীখানি তার বুনান হয়নি সারা। কে এলে তবে ভাই, সোনার গোকুল আঁধার করিয়া এই মথুরার ঠাই। তোমাদের সেই ব্রজের ধূলায় প্রেমের বেলাতি হয়, সেথা কেউ তার মূল্য জানে না, এই বড় বিস্ময়। আজিও নিজেরে বিকাইতে পার ফুলের মালার দামে, রূপকথা শুনি তোমাদের দেশে রূপকথা-দেয়া নামে। হায়রে করুণ হায়, এখনি যে সবে জাগিয়া উঠিবে প্রভাতের কিনারায়।</p>\r\n\r\n<p>ডাকে কেয়াবনে ফুল-মঞ্জরি ঘন-দেয়া সম্পাতে, মাটির বুকেতে তমাল তাহার ফুল-বাহুখানি পাতে। সেই ব্রজধূলি আজো ত মুছেনি তোমার সোনার গায়, কেন তবে ভাই, চরণ বাড়ালে যৌবন মথুরায়! তরুণ কিশোর ছেলে, আমরা আজিকে ভাবিয়া না পাই তুমি হেথা কেন এলে? তরুণ কিশোর ছেলে, আমরা আজিকে ভাবিয়া না পাই তুমি হেথা কেন এলে? হাসিটি হেথায় বাজারে বিকায় গানের বেসাত করি, হেথাকার লোক সুরের পরাণ ধরে মানে লয় ভরি।</p>\r\n\r\n<p>হাসিটি হেথায় বাজারে বিকায় গানের বেসাত করি, হেথাকার লোক সুরের পরাণ ধরে মানে লয় ভরি। ডাকে কেয়াবনে ফুল-মঞ্জরি ঘন-দেয়া সম্পাতে, মাটির বুকেতে তমাল তাহার ফুল-বাহুখানি পাতে। আজিও নিজেরে বিকাইতে পার ফুলের মালার দামে, রূপকথা শুনি তোমাদের দেশে রূপকথা-দেয়া নামে। বিহগ ছাড়িয়া ভোরের ভজন আহারের সন্ধ্যানে, বাতাসে বাঁধিয়া পাখা-সেতু-বাঁধ ছুটিবে সুদুর-পানে। হয়ত তাহারি অলকে বাঁধিতে মাঠের কুসুম ফুল, কতদূর পথ ঘুরিয়া মরিছ কত পথ করি ভুল।</p>\r\n\r\n<p>তুমি ভাই সেই ব্রজের রাখাল, পাতার মুকুট পরি, তোমাদের রাজা আজো নাকি খেলে গেঁয়ো মাঠখানি ভরি। কালিন্দী লতা গলায় জড়ায়ে সোনার গোকুল কাঁদে ব্রজের দুলাল বাঁধা নাহি পড়ে যেন মথুরার ফাঁদে। সেই ব্রজধূলি আজো ত মুছেনি তোমার সোনার গায়, কেন তবে ভাই, চরণ বাড়ালে যৌবন মথুরায়! বঁধুর কোলেতে বধুয়া ঘুমায়, খোলেনি বাহুর বাঁধ, দীঘির জলেতে নাহিয়া নাহিয়া মেটেনি তারার সাধ। এখনো বসিয়া সেঁউতীর মালা গাঁথিছে ভোরের তারা, ঊষার রঙিন শাড়ীখানি তার বুনান হয়নি সারা।</p>\r\n\r\n<p>মাধবীলতার দোলনা বাঁধিয়া কদম্ব-শাখে শাখে, কিশোর! তোমার কিশোর সখারা তোমারে যে ওই ডাকে। আজিও চেননি সোনার আদর, চেননি মুক্তাহার, হাসি মুখে তাই সোনা ঝরে পড়ে তোমাদের যারতার। ঘরে ফিরে যাও সোনার কিশোর! এ পাপমথুরাপুরী, তোমার সোনার অঙ্গেতে দেবে বিষবান ছুঁড়ি ছুঁড়ি। হায়রে কিশোর হায়! ফুলের পরাণ বিকাতে এসেছ এই পাপ-মথুরায়। তোমার গোকুল আজো শেখে নাই ভালবাসা বলে কারে, ভালবেসে তাই বুকে বেঁধে লয় আদরিয়া যারে তারে।</p>\r\n\r\n<p>হয়ত তাহারি অলকে বাঁধিতে মাঠের কুসুম ফুল, কতদূর পথ ঘুরিয়া মরিছ কত পথ করি ভুল। হাসিটি হেথায় বাজারে বিকায় গানের বেসাত করি, হেথাকার লোক সুরের পরাণ ধরে মানে লয় ভরি। তুমি যে কিশোর তোমার দেশেতে হিসাব নিকাশ নাই, যে আসে নিকটে তাহারেই লও আপন বলিয়া তাই। রঙের কুহেলী তলে, তোমার জীবন ঊষার আকাশে শিশু রবি সম জ্বলে। আজো নাকি সেই বাঁশীর রাজাটি তমাল-লতার ফাঁদে, চরণ জড়ায়ে নূপুর হারায়ে পথের ধূলায় কাঁদে</p>\r\n\r\n<p>তোমার গোকুল আজো শেখে নাই ভালবাসা বলে কারে, ভালবেসে তাই বুকে বেঁধে লয় আদরিয়া যারে তারে। এখনো গোপন আঁধারের তলে আলোকের শতদল, মেঘে মেঘে লেগে বরণে বরণে করিতেছে টলমল। এখন হইবে লোক জানাজানি, মুখ চেনাচেনি আর, হিসাব নিকাশ হইবে এখন কতটুকু আছে কার। মাধবীলতার দোলনা বাঁধিয়া কদম্ব-শাখে শাখে, কিশোর! তোমার কিশোর সখারা তোমারে যে ওই ডাকে। ঘরে ফিরে যাও সোনার কিশোর! এ পাপমথুরাপুরী, তোমার সোনার অঙ্গেতে দেবে বিষবান ছুঁড়ি ছুঁড়ি।</p>\r\n\r\n<p>এখন হইবে লোক জানাজানি, মুখ চেনাচেনি আর, হিসাব নিকাশ হইবে এখন কতটুকু আছে কার। হায়রে কিশোর হায়! ফুলের পরাণ বিকাতে এসেছ এই পাপ-মথুরায়। আজিও চেননি সোনার আদর, চেননি মুক্তাহার, হাসি মুখে তাই সোনা ঝরে পড়ে তোমাদের যারতার। তোমাদের সেই ব্রজের ধূলায় প্রেমের বেলাতি হয়, সেথা কেউ তার মূল্য জানে না, এই বড় বিস্ময়। ডাকে কেয়াবনে ফুল-মঞ্জরি ঘন-দেয়া সম্পাতে, মাটির বুকেতে তমাল তাহার ফুল-বাহুখানি পাতে।</p>\r\n\r\n<p>আজিও চেননি সোনার আদর, চেননি মুক্তাহার, হাসি মুখে তাই সোনা ঝরে পড়ে তোমাদের যারতার। হয়ত তাহারি অলকে বাঁধিতে মাঠের কুসুম ফুল, কতদূর পথ ঘুরিয়া মরিছ কত পথ করি ভুল। বঁধুর কোলেতে বধুয়া ঘুমায়, খোলেনি বাহুর বাঁধ, দীঘির জলেতে নাহিয়া নাহিয়া মেটেনি তারার সাধ। ওপারে কিশোর, এপারে যুবক, রাজার দেউল বাড়ি, পাষাণের দেশে কেন এলে ভাই। রাখালের দেশ ছাড়ি? বঁধুর কোলেতে বধুয়া ঘুমায়, খোলেনি বাহুর বাঁধ, দীঘির জলেতে নাহিয়া নাহিয়া মেটেনি তারার সাধ।</p>\r\n\r\n<p>তোমার গোকুল আজো শেখে নাই ভালবাসা বলে কারে, ভালবেসে তাই বুকে বেঁধে লয় আদরিয়া যারে তারে। হাসিটি হেথায় বাজারে বিকায় গানের বেসাত করি, হেথাকার লোক সুরের পরাণ ধরে মানে লয় ভরি। এখনো বসিয়া সেঁউতীর মালা গাঁথিছে ভোরের তারা, ঊষার রঙিন শাড়ীখানি তার বুনান হয়নি সারা। তরুণ কিশোর! তোমার জীবনে সবে এ ভোরের বেলা, ভোরের বাতাস ভোরের কুসুমে জুড়েছে রঙের খেলা। এখনো আসেনি অলি, মধুর লোভেতে কোমল কুসুম দুপায়েতে দলি দলি।</p>\r\n\r\n<p>রঙের কুহেলী তলে, তোমার জীবন ঊষার আকাশে শিশু রবি সম জ্বলে। সেথায় তোমার কিশোরী বধূটি মাটির প্রদীপ ধরি, তুলসীর মূলে প্রণাম যে আঁকে হয়ত তোমারে স্মরি। ওপারে কিশোর, এপারে যুবক, রাজার দেউল বাড়ি, পাষাণের দেশে কেন এলে ভাই। রাখালের দেশ ছাড়ি? হয়ত তাহাও জানে না সে মেয়ে জানে না কুসুম-হার, এত যে আদরে গাঁথিছে সে তাহা গলায় দোলাবে কার? তোমাদের প্রেম নিকষিত হেম কামনা নাহিক তায় যুগে যুগে কবি গড়িয়াছে ছবি কত ব্রজের গাঁয়!</p>\r\n\r\n<p>কে এলে তবে ভাই, সোনার গোকুল আঁধার করিয়া এই মথুরার ঠাই। এখনো আসেনি অলি, মধুর লোভেতে কোমল কুসুম দুপায়েতে দলি দলি। তোমাদের প্রেম নিকষিত হেম কামনা নাহিক তায় যুগে যুগে কবি গড়িয়াছে ছবি কত ব্রজের গাঁয়! সখালী পাতাও সখাদের সাথে, বিনামূলে দাও প্রাণ, এপারে মোদের মথুরার মত নাই দান-প্রতিদান। মোদের মথুরা টরমল করে পাপ-লালসার ভারে, ভোগের সমিধ জ্বালিয়া আমরা পুড়িতেছি বারে বারে।</p>\r\n\r\n<p>তোমাদের প্রেম নিকষিত হেম কামনা নাহিক তায় যুগে যুগে কবি গড়িয়াছে ছবি কত ব্রজের গাঁয়! ওপারে কিশোর, এপারে যুবক, রাজার দেউল বাড়ি, পাষাণের দেশে কেন এলে ভাই। রাখালের দেশ ছাড়ি? এখনো গোপন আঁধারের তলে আলোকের শতদল, মেঘে মেঘে লেগে বরণে বরণে করিতেছে টলমল। তোমার গোকুল আজো শেখে নাই ভালবাসা বলে কারে, ভালবেসে তাই বুকে বেঁধে লয় আদরিয়া যারে তারে। তরুণ কিশোর! তোমার জীবনে সবে এ ভোরের বেলা, ভোরের বাতাস ভোরের কুসুমে জুড়েছে রঙের খেলা।</p>\r\n\r\n<p>তুমি ভাই সেই ব্রজের রাখাল, পাতার মুকুট পরি, তোমাদের রাজা আজো নাকি খেলে গেঁয়ো মাঠখানি ভরি। তুমি যে কিশোর তোমার দেশেতে হিসাব নিকাশ নাই, যে আসে নিকটে তাহারেই লও আপন বলিয়া তাই। কারে ভালবাস, কারে যে বাস না তোমরা শেখনি তাহা, আমাদের মত কামনার ফাঁদে চেননি উহু ও আহা! কে এলে তবে ভাই, সোনার গোকুল আঁধার করিয়া এই মথুরার ঠাই। এখনো পাখিরা উঠেনি জাগিয়া, শিশির রয়েছে ঘুমে, কলঙ্কী চাঁদ পশ্চিমে হেলি কৌমুদী-লতা চুমে।</p>\r\n\r\n<p>তোমার গোকুল আজো শেখে নাই ভালবাসা বলে কারে, ভালবেসে তাই বুকে বেঁধে লয় আদরিয়া যারে তারে। তোমাদের প্রেম নিকষিত হেম কামনা নাহিক তায় যুগে যুগে কবি গড়িয়াছে ছবি কত ব্রজের গাঁয়! আজিও নিজেরে বিকাইতে পার ফুলের মালার দামে, রূপকথা শুনি তোমাদের দেশে রূপকথা-দেয়া নামে। এখনো গোপন আঁধারের তলে আলোকের শতদল, মেঘে মেঘে লেগে বরণে বরণে করিতেছে টলমল। এখনো গোপন আঁধারের তলে আলোকের শতদল, মেঘে মেঘে লেগে বরণে বরণে করিতেছে টলমল।</p>\r\n\r\n<p>হাসিটি হেথায় বাজারে বিকায় গানের বেসাত করি, হেথাকার লোক সুরের পরাণ ধরে মানে লয় ভরি। হয়ত তাহারি অলকে বাঁধিতে মাঠের কুসুম ফুল, কতদূর পথ ঘুরিয়া মরিছ কত পথ করি ভুল। মাধবীলতার দোলনা বাঁধিয়া কদম্ব-শাখে শাখে, কিশোর! তোমার কিশোর সখারা তোমারে যে ওই ডাকে। বঁধুর কোলেতে বধুয়া ঘুমায়, খোলেনি বাহুর বাঁধ, দীঘির জলেতে নাহিয়া নাহিয়া মেটেনি তারার সাধ। তুমিও হয়ত জান না কিশোর, সেই কিশোরীর লাগি, মনে মনে কত দেউল গেঁথেছে কত না রজনী জাগি।</p>\r\n\r\n<p>তুমি ভাই সেই ব্রজের রাখাল, পাতার মুকুট পরি, তোমাদের রাজা আজো নাকি খেলে গেঁয়ো মাঠখানি ভরি। ওপারে কিশোর, এপারে যুবক, রাজার দেউল বাড়ি, পাষাণের দেশে কেন এলে ভাই। রাখালের দেশ ছাড়ি? তুমিও হয়ত জান না কিশোর, সেই কিশোরীর লাগি, মনে মনে কত দেউল গেঁথেছে কত না রজনী জাগি। এখনো বসিয়া সেঁউতীর মালা গাঁথিছে ভোরের তারা, ঊষার রঙিন শাড়ীখানি তার বুনান হয়নি সারা। তোমার গোকুল আজো শেখে নাই ভালবাসা বলে কারে, ভালবেসে তাই বুকে বেঁধে লয় আদরিয়া যারে তারে।</p>\r\n\r\n<p>হাসিটি হেথায় বাজারে বিকায় গানের বেসাত করি, হেথাকার লোক সুরের পরাণ ধরে মানে লয় ভরি। সেথায় তোমার কিশোরী বধূটি মাটির প্রদীপ ধরি, তুলসীর মূলে প্রণাম যে আঁকে হয়ত তোমারে স্মরি। হেথা যৌবন মেলিয়া ধরিয়া জমা-খরচের খাতা, লাভ লেকাসান নিতেছে বুঝিয়া খুলিয়া পাতায় পাতা। তোমাদের প্রেম নিকষিত হেম কামনা নাহিক তায় যুগে যুগে কবি গড়িয়াছে ছবি কত ব্রজের গাঁয়! রঙের কুহেলী তলে, তোমার জীবন ঊষার আকাশে শিশু রবি সম জ্বলে।</p>\r\n\r\n<p>এখনো পাখিরা উঠেনি জাগিয়া, শিশির রয়েছে ঘুমে, কলঙ্কী চাঁদ পশ্চিমে হেলি কৌমুদী-লতা চুমে। তোমাদের সেই ব্রজের ধূলায় প্রেমের বেলাতি হয়, সেথা কেউ তার মূল্য জানে না, এই বড় বিস্ময়। তুমিও হয়ত জান না কিশোর, সেই কিশোরীর লাগি, মনে মনে কত দেউল গেঁথেছে কত না রজনী জাগি। তরুণ কিশোর! তোমার জীবনে সবে এ ভোরের বেলা, ভোরের বাতাস ভোরের কুসুমে জুড়েছে রঙের খেলা। মোদের মথুরা টরমল করে পাপ-লালসার ভারে, ভোগের সমিধ জ্বালিয়া আমরা পুড়িতেছি বারে বারে।</p>\r\n\r\n<p>আজিও চেননি সোনার আদর, চেননি মুক্তাহার, হাসি মুখে তাই সোনা ঝরে পড়ে তোমাদের যারতার। সেই ব্রজধূলি আজো ত মুছেনি তোমার সোনার গায়, কেন তবে ভাই, চরণ বাড়ালে যৌবন মথুরায়! শূন্য হাওয়ার শূন্য ভরিতে বুকখানি করি শুনো, ফুলের দেউল হবে না উজাড় আজিকে প্রভাতে পুন। হয়ত তাহারি অলকে বাঁধিতে মাঠের কুসুম ফুল, কতদূর পথ ঘুরিয়া মরিছ কত পথ করি ভুল। এখনো পাখিরা উঠেনি জাগিয়া, শিশির রয়েছে ঘুমে, কলঙ্কী চাঁদ পশ্চিমে হেলি কৌমুদী-লতা চুমে।</p>\r\n\r\n<p>হেথা যৌবন যত কিছু এর খাতায় লিখিয়া লয়, পান হতে চুন খসেনাক-এমনি হিসাবময়। এখনো পাখিরা উঠেনি জাগিয়া, শিশির রয়েছে ঘুমে, কলঙ্কী চাঁদ পশ্চিমে হেলি কৌমুদী-লতা চুমে। আজো নাকি সেই বাঁশীর রাজাটি তমাল-লতার ফাঁদে, চরণ জড়ায়ে নূপুর হারায়ে পথের ধূলায় কাঁদে আজিও নিজেরে বিকাইতে পার ফুলের মালার দামে, রূপকথা শুনি তোমাদের দেশে রূপকথা-দেয়া নামে। হয়ত তাহারি অলকে বাঁধিতে মাঠের কুসুম ফুল, কতদূর পথ ঘুরিয়া মরিছ কত পথ করি ভুল।</p>\r\n\r\n<p>তুমি ভাই সেই ব্রজের রাখাল, পাতার মুকুট পরি, তোমাদের রাজা আজো নাকি খেলে গেঁয়ো মাঠখানি ভরি। সখালী পাতাও সখাদের সাথে, বিনামূলে দাও প্রাণ, এপারে মোদের মথুরার মত নাই দান-প্রতিদান। তুমি যে কিশোর তোমার দেশেতে হিসাব নিকাশ নাই, যে আসে নিকটে তাহারেই লও আপন বলিয়া তাই। বঁধুর কোলেতে বধুয়া ঘুমায়, খোলেনি বাহুর বাঁধ, দীঘির জলেতে নাহিয়া নাহিয়া মেটেনি তারার সাধ। হয়ত তাহাও জানে না সে মেয়ে জানে না কুসুম-হার, এত যে আদরে গাঁথিছে সে তাহা গলায় দোলাবে কার?</p>\r\n\r\n<p>মোদের মথুরা টরমল করে পাপ-লালসার ভারে, ভোগের সমিধ জ্বালিয়া আমরা পুড়িতেছি বারে বারে। হয়ত তাহাও জানে না সে মেয়ে জানে না কুসুম-হার, এত যে আদরে গাঁথিছে সে তাহা গলায় দোলাবে কার? তোমার গোকুল আজো শেখে নাই ভালবাসা বলে কারে, ভালবেসে তাই বুকে বেঁধে লয় আদরিয়া যারে তারে। তোমাদের সেই ব্রজের ধূলায় প্রেমের বেলাতি হয়, সেথা কেউ তার মূল্য জানে না, এই বড় বিস্ময়। তরুণ কিশোর ছেলে, আমরা আজিকে ভাবিয়া না পাই তুমি হেথা কেন এলে?</p>\r\n\r\n<p>ঘরে ফিরে যাও সোনার কিশোর! এ পাপমথুরাপুরী, তোমার সোনার অঙ্গেতে দেবে বিষবান ছুঁড়ি ছুঁড়ি। আজো নাকি সেই বাঁশীর রাজাটি তমাল-লতার ফাঁদে, চরণ জড়ায়ে নূপুর হারায়ে পথের ধূলায় কাঁদে রঙের কুহেলী তলে, তোমার জীবন ঊষার আকাশে শিশু রবি সম জ্বলে। বঁধুর কোলেতে বধুয়া ঘুমায়, খোলেনি বাহুর বাঁধ, দীঘির জলেতে নাহিয়া নাহিয়া মেটেনি তারার সাধ। ঘরে ফিরে যাও সোনার কিশোর! এ পাপমথুরাপুরী, তোমার সোনার অঙ্গেতে দেবে বিষবান ছুঁড়ি ছুঁড়ি।</p>\r\n\r\n<p>আজো কানে গোঁজ শিরীষ কুসুম কিংশুক-মঞ্জরী, অলকে বাঁধিয়া পাটল ফুলেতে ভরে লও উত্তরী! কালিন্দী লতা গলায় জড়ায়ে সোনার গোকুল কাঁদে ব্রজের দুলাল বাঁধা নাহি পড়ে যেন মথুরার ফাঁদে। সেই ব্রজধূলি আজো ত মুছেনি তোমার সোনার গায়, কেন তবে ভাই, চরণ বাড়ালে যৌবন মথুরায়! আজো নাকি সেই বাঁশীর রাজাটি তমাল-লতার ফাঁদে, চরণ জড়ায়ে নূপুর হারায়ে পথের ধূলায় কাঁদে মোদের মথুরা টরমল করে পাপ-লালসার ভারে, ভোগের সমিধ জ্বালিয়া আমরা পুড়িতেছি বারে বারে।</p>\r\n\r\n<p>হয়ত তাহাও জানে না সে মেয়ে জানে না কুসুম-হার, এত যে আদরে গাঁথিছে সে তাহা গলায় দোলাবে কার? ডাকে কেয়াবনে ফুল-মঞ্জরি ঘন-দেয়া সম্পাতে, মাটির বুকেতে তমাল তাহার ফুল-বাহুখানি পাতে। এখনো গোপন আঁধারের তলে আলোকের শতদল, মেঘে মেঘে লেগে বরণে বরণে করিতেছে টলমল। রঙের কুহেলী তলে, তোমার জীবন ঊষার আকাশে শিশু রবি সম জ্বলে। সখালী পাতাও সখাদের সাথে, বিনামূলে দাও প্রাণ, এপারে মোদের মথুরার মত নাই দান-প্রতিদান।</p>\r\n\r\n<p>তরুণ কিশোর ছেলে, আমরা আজিকে ভাবিয়া না পাই তুমি হেথা কেন এলে? এখনো পাখিরা উঠেনি জাগিয়া, শিশির রয়েছে ঘুমে, কলঙ্কী চাঁদ পশ্চিমে হেলি কৌমুদী-লতা চুমে। তরুণ কিশোর ছেলে, আমরা আজিকে ভাবিয়া না পাই তুমি হেথা কেন এলে? কালিন্দী লতা গলায় জড়ায়ে সোনার গোকুল কাঁদে ব্রজের দুলাল বাঁধা নাহি পড়ে যেন মথুরার ফাঁদে। হয়ত তাহাও জানে না সে মেয়ে জানে না কুসুম-হার, এত যে আদরে গাঁথিছে সে তাহা গলায় দোলাবে কার?</p>\r\n\r\n<p>কারে ভালবাস, কারে যে বাস না তোমরা শেখনি তাহা, আমাদের মত কামনার ফাঁদে চেননি উহু ও আহা! হাসিটি হেথায় বাজারে বিকায় গানের বেসাত করি, হেথাকার লোক সুরের পরাণ ধরে মানে লয় ভরি। এখনো পাখিরা উঠেনি জাগিয়া, শিশির রয়েছে ঘুমে, কলঙ্কী চাঁদ পশ্চিমে হেলি কৌমুদী-লতা চুমে। হায়রে করুণ হায়, এখনি যে সবে জাগিয়া উঠিবে প্রভাতের কিনারায়। এখনো গোপন আঁধারের তলে আলোকের শতদল, মেঘে মেঘে লেগে বরণে বরণে করিতেছে টলমল।</p>', 1, '2026-02-04 14:06:48', '2026-02-04 14:16:12');
INSERT INTO `news_posts` (`id`, `headline`, `slug`, `author`, `post_date_time`, `short_description`, `description`, `status`, `created_at`, `updated_at`) VALUES
(3, 'ঘরে ফিরে যাও সোনার কিশোর', 'ঘরে-ফিরে-যাও-সোনার-কিশোর', 'admin', '2026-02-05 16:45:31', 'ঘরে ফিরে যাও সোনার কিশোর', '<p>এখনো বসিয়া সেঁউতীর মালা গাঁথিছে ভোরের তারা, ঊষার রঙিন শাড়ীখানি তার বুনান হয়নি সারা। এখনো আসেনি অলি, মধুর লোভেতে কোমল কুসুম দুপায়েতে দলি দলি। কালিন্দী লতা গলায় জড়ায়ে সোনার গোকুল কাঁদে ব্রজের দুলাল বাঁধা নাহি পড়ে যেন মথুরার ফাঁদে। শূন্য হাওয়ার শূন্য ভরিতে বুকখানি করি শুনো, ফুলের দেউল হবে না উজাড় আজিকে প্রভাতে পুন। তুমিও হয়ত জান না কিশোর, সেই কিশোরীর লাগি, মনে মনে কত দেউল গেঁথেছে কত না রজনী জাগি।</p>\r\n\r\n<p>কারে ভালবাস, কারে যে বাস না তোমরা শেখনি তাহা, আমাদের মত কামনার ফাঁদে চেননি উহু ও আহা! কে এলে তবে ভাই, সোনার গোকুল আঁধার করিয়া এই মথুরার ঠাই। আজিও নিজেরে বিকাইতে পার ফুলের মালার দামে, রূপকথা শুনি তোমাদের দেশে রূপকথা-দেয়া নামে। হয়ত তাহাও জানে না সে মেয়ে জানে না কুসুম-হার, এত যে আদরে গাঁথিছে সে তাহা গলায় দোলাবে কার? আজো কানে গোঁজ শিরীষ কুসুম কিংশুক-মঞ্জরী, অলকে বাঁধিয়া পাটল ফুলেতে ভরে লও উত্তরী!</p>\r\n\r\n<p>শূন্য হাওয়ার শূন্য ভরিতে বুকখানি করি শুনো, ফুলের দেউল হবে না উজাড় আজিকে প্রভাতে পুন। হায়রে কিশোর হায়! ফুলের পরাণ বিকাতে এসেছ এই পাপ-মথুরায়। রঙের কুহেলী তলে, তোমার জীবন ঊষার আকাশে শিশু রবি সম জ্বলে। এখন হইবে লোক জানাজানি, মুখ চেনাচেনি আর, হিসাব নিকাশ হইবে এখন কতটুকু আছে কার। সেই ব্রজধূলি আজো ত মুছেনি তোমার সোনার গায়, কেন তবে ভাই, চরণ বাড়ালে যৌবন মথুরায়!</p>\r\n\r\n<p>আজো নাকি সেই বাঁশীর রাজাটি তমাল-লতার ফাঁদে, চরণ জড়ায়ে নূপুর হারায়ে পথের ধূলায় কাঁদে হয়ত তাহারি অলকে বাঁধিতে মাঠের কুসুম ফুল, কতদূর পথ ঘুরিয়া মরিছ কত পথ করি ভুল। ঘরে ফিরে যাও সোনার কিশোর! এ পাপমথুরাপুরী, তোমার সোনার অঙ্গেতে দেবে বিষবান ছুঁড়ি ছুঁড়ি। তরুণ কিশোর ছেলে, আমরা আজিকে ভাবিয়া না পাই তুমি হেথা কেন এলে? মোদের মথুরা টরমল করে পাপ-লালসার ভারে, ভোগের সমিধ জ্বালিয়া আমরা পুড়িতেছি বারে বারে।</p>\r\n\r\n<p>তুমি যে কিশোর তোমার দেশেতে হিসাব নিকাশ নাই, যে আসে নিকটে তাহারেই লও আপন বলিয়া তাই। ওপারে কিশোর, এপারে যুবক, রাজার দেউল বাড়ি, পাষাণের দেশে কেন এলে ভাই। রাখালের দেশ ছাড়ি? এখনো পাখিরা উঠেনি জাগিয়া, শিশির রয়েছে ঘুমে, কলঙ্কী চাঁদ পশ্চিমে হেলি কৌমুদী-লতা চুমে। এখন হইবে লোক জানাজানি, মুখ চেনাচেনি আর, হিসাব নিকাশ হইবে এখন কতটুকু আছে কার। তোমাদের সেই ব্রজের ধূলায় প্রেমের বেলাতি হয়, সেথা কেউ তার মূল্য জানে না, এই বড় বিস্ময়।</p>\r\n\r\n<p>কারে ভালবাস, কারে যে বাস না তোমরা শেখনি তাহা, আমাদের মত কামনার ফাঁদে চেননি উহু ও আহা! হেথা যৌবন যত কিছু এর খাতায় লিখিয়া লয়, পান হতে চুন খসেনাক-এমনি হিসাবময়। এখন হইবে লোক জানাজানি, মুখ চেনাচেনি আর, হিসাব নিকাশ হইবে এখন কতটুকু আছে কার। সখালী পাতাও সখাদের সাথে, বিনামূলে দাও প্রাণ, এপারে মোদের মথুরার মত নাই দান-প্রতিদান। তুমিও হয়ত জান না কিশোর, সেই কিশোরীর লাগি, মনে মনে কত দেউল গেঁথেছে কত না রজনী জাগি।</p>\r\n\r\n<p>তরুণ কিশোর ছেলে, আমরা আজিকে ভাবিয়া না পাই তুমি হেথা কেন এলে? এখনো আসেনি অলি, মধুর লোভেতে কোমল কুসুম দুপায়েতে দলি দলি। হায়রে করুণ হায়, এখনি যে সবে জাগিয়া উঠিবে প্রভাতের কিনারায়। ডাকে কেয়াবনে ফুল-মঞ্জরি ঘন-দেয়া সম্পাতে, মাটির বুকেতে তমাল তাহার ফুল-বাহুখানি পাতে। আজিও নিজেরে বিকাইতে পার ফুলের মালার দামে, রূপকথা শুনি তোমাদের দেশে রূপকথা-দেয়া নামে।</p>\r\n\r\n<p>তোমাদের প্রেম নিকষিত হেম কামনা নাহিক তায় যুগে যুগে কবি গড়িয়াছে ছবি কত ব্রজের গাঁয়! বঁধুর কোলেতে বধুয়া ঘুমায়, খোলেনি বাহুর বাঁধ, দীঘির জলেতে নাহিয়া নাহিয়া মেটেনি তারার সাধ। সখালী পাতাও সখাদের সাথে, বিনামূলে দাও প্রাণ, এপারে মোদের মথুরার মত নাই দান-প্রতিদান। হেথা যৌবন যত কিছু এর খাতায় লিখিয়া লয়, পান হতে চুন খসেনাক-এমনি হিসাবময়। হয়ত তাহাও জানে না সে মেয়ে জানে না কুসুম-হার, এত যে আদরে গাঁথিছে সে তাহা গলায় দোলাবে কার?</p>\r\n\r\n<p>আজিও নিজেরে বিকাইতে পার ফুলের মালার দামে, রূপকথা শুনি তোমাদের দেশে রূপকথা-দেয়া নামে। কালিন্দী লতা গলায় জড়ায়ে সোনার গোকুল কাঁদে ব্রজের দুলাল বাঁধা নাহি পড়ে যেন মথুরার ফাঁদে। এখনো পাখিরা উঠেনি জাগিয়া, শিশির রয়েছে ঘুমে, কলঙ্কী চাঁদ পশ্চিমে হেলি কৌমুদী-লতা চুমে। ওপারে কিশোর, এপারে যুবক, রাজার দেউল বাড়ি, পাষাণের দেশে কেন এলে ভাই। রাখালের দেশ ছাড়ি? হায়রে করুণ হায়, এখনি যে সবে জাগিয়া উঠিবে প্রভাতের কিনারায়।</p>\r\n\r\n<p>কে এলে তবে ভাই, সোনার গোকুল আঁধার করিয়া এই মথুরার ঠাই। তরুণ কিশোর ছেলে, আমরা আজিকে ভাবিয়া না পাই তুমি হেথা কেন এলে? তোমাদের প্রেম নিকষিত হেম কামনা নাহিক তায় যুগে যুগে কবি গড়িয়াছে ছবি কত ব্রজের গাঁয়! এখন হইবে লোক জানাজানি, মুখ চেনাচেনি আর, হিসাব নিকাশ হইবে এখন কতটুকু আছে কার। আজিও নিজেরে বিকাইতে পার ফুলের মালার দামে, রূপকথা শুনি তোমাদের দেশে রূপকথা-দেয়া নামে।</p>\r\n\r\n<p>সেই ব্রজধূলি আজো ত মুছেনি তোমার সোনার গায়, কেন তবে ভাই, চরণ বাড়ালে যৌবন মথুরায়! আজিও নিজেরে বিকাইতে পার ফুলের মালার দামে, রূপকথা শুনি তোমাদের দেশে রূপকথা-দেয়া নামে। রঙের কুহেলী তলে, তোমার জীবন ঊষার আকাশে শিশু রবি সম জ্বলে। হাসিটি হেথায় বাজারে বিকায় গানের বেসাত করি, হেথাকার লোক সুরের পরাণ ধরে মানে লয় ভরি। এখনো পাখিরা উঠেনি জাগিয়া, শিশির রয়েছে ঘুমে, কলঙ্কী চাঁদ পশ্চিমে হেলি কৌমুদী-লতা চুমে।</p>\r\n\r\n<p>এখন হইবে লোক জানাজানি, মুখ চেনাচেনি আর, হিসাব নিকাশ হইবে এখন কতটুকু আছে কার। হায়রে কিশোর হায়! ফুলের পরাণ বিকাতে এসেছ এই পাপ-মথুরায়। হয়ত তাহারি অলকে বাঁধিতে মাঠের কুসুম ফুল, কতদূর পথ ঘুরিয়া মরিছ কত পথ করি ভুল। তুমি যে কিশোর তোমার দেশেতে হিসাব নিকাশ নাই, যে আসে নিকটে তাহারেই লও আপন বলিয়া তাই। শূন্য হাওয়ার শূন্য ভরিতে বুকখানি করি শুনো, ফুলের দেউল হবে না উজাড় আজিকে প্রভাতে পুন।</p>\r\n\r\n<p>হেথা যৌবন যত কিছু এর খাতায় লিখিয়া লয়, পান হতে চুন খসেনাক-এমনি হিসাবময়। ঘরে ফিরে যাও সোনার কিশোর! এ পাপমথুরাপুরী, তোমার সোনার অঙ্গেতে দেবে বিষবান ছুঁড়ি ছুঁড়ি। এখনো আসেনি অলি, মধুর লোভেতে কোমল কুসুম দুপায়েতে দলি দলি। এখনো গোপন আঁধারের তলে আলোকের শতদল, মেঘে মেঘে লেগে বরণে বরণে করিতেছে টলমল। এখনো আসেনি অলি, মধুর লোভেতে কোমল কুসুম দুপায়েতে দলি দলি।</p>\r\n\r\n<p>আজো নাকি সেই বাঁশীর রাজাটি তমাল-লতার ফাঁদে, চরণ জড়ায়ে নূপুর হারায়ে পথের ধূলায় কাঁদে তোমাদের সেই ব্রজের ধূলায় প্রেমের বেলাতি হয়, সেথা কেউ তার মূল্য জানে না, এই বড় বিস্ময়। রঙের কুহেলী তলে, তোমার জীবন ঊষার আকাশে শিশু রবি সম জ্বলে। রঙের কুহেলী তলে, তোমার জীবন ঊষার আকাশে শিশু রবি সম জ্বলে। আজিও নিজেরে বিকাইতে পার ফুলের মালার দামে, রূপকথা শুনি তোমাদের দেশে রূপকথা-দেয়া নামে।</p>\r\n\r\n<p>হয়ত তাহারি অলকে বাঁধিতে মাঠের কুসুম ফুল, কতদূর পথ ঘুরিয়া মরিছ কত পথ করি ভুল। সখালী পাতাও সখাদের সাথে, বিনামূলে দাও প্রাণ, এপারে মোদের মথুরার মত নাই দান-প্রতিদান। কালিন্দী লতা গলায় জড়ায়ে সোনার গোকুল কাঁদে ব্রজের দুলাল বাঁধা নাহি পড়ে যেন মথুরার ফাঁদে। হেথা যৌবন মেলিয়া ধরিয়া জমা-খরচের খাতা, লাভ লেকাসান নিতেছে বুঝিয়া খুলিয়া পাতায় পাতা। শূন্য হাওয়ার শূন্য ভরিতে বুকখানি করি শুনো, ফুলের দেউল হবে না উজাড় আজিকে প্রভাতে পুন।</p>\r\n\r\n<p>তোমার গোকুল আজো শেখে নাই ভালবাসা বলে কারে, ভালবেসে তাই বুকে বেঁধে লয় আদরিয়া যারে তারে। কারে ভালবাস, কারে যে বাস না তোমরা শেখনি তাহা, আমাদের মত কামনার ফাঁদে চেননি উহু ও আহা! কে এলে তবে ভাই, সোনার গোকুল আঁধার করিয়া এই মথুরার ঠাই। হাসিটি হেথায় বাজারে বিকায় গানের বেসাত করি, হেথাকার লোক সুরের পরাণ ধরে মানে লয় ভরি। তুমি ভাই সেই ব্রজের রাখাল, পাতার মুকুট পরি, তোমাদের রাজা আজো নাকি খেলে গেঁয়ো মাঠখানি ভরি।</p>\r\n\r\n<p>বিহগ ছাড়িয়া ভোরের ভজন আহারের সন্ধ্যানে, বাতাসে বাঁধিয়া পাখা-সেতু-বাঁধ ছুটিবে সুদুর-পানে। তরুণ কিশোর! তোমার জীবনে সবে এ ভোরের বেলা, ভোরের বাতাস ভোরের কুসুমে জুড়েছে রঙের খেলা। এখনো গোপন আঁধারের তলে আলোকের শতদল, মেঘে মেঘে লেগে বরণে বরণে করিতেছে টলমল। হাসিটি হেথায় বাজারে বিকায় গানের বেসাত করি, হেথাকার লোক সুরের পরাণ ধরে মানে লয় ভরি। হেথা যৌবন মেলিয়া ধরিয়া জমা-খরচের খাতা, লাভ লেকাসান নিতেছে বুঝিয়া খুলিয়া পাতায় পাতা।</p>\r\n\r\n<p>ঘরে ফিরে যাও সোনার কিশোর! এ পাপমথুরাপুরী, তোমার সোনার অঙ্গেতে দেবে বিষবান ছুঁড়ি ছুঁড়ি। কে এলে তবে ভাই, সোনার গোকুল আঁধার করিয়া এই মথুরার ঠাই। আজো নাকি সেই বাঁশীর রাজাটি তমাল-লতার ফাঁদে, চরণ জড়ায়ে নূপুর হারায়ে পথের ধূলায় কাঁদে আজিও নিজেরে বিকাইতে পার ফুলের মালার দামে, রূপকথা শুনি তোমাদের দেশে রূপকথা-দেয়া নামে। কে এলে তবে ভাই, সোনার গোকুল আঁধার করিয়া এই মথুরার ঠাই।</p>\r\n\r\n<p>কে এলে তবে ভাই, সোনার গোকুল আঁধার করিয়া এই মথুরার ঠাই। হাসিটি হেথায় বাজারে বিকায় গানের বেসাত করি, হেথাকার লোক সুরের পরাণ ধরে মানে লয় ভরি। বিহগ ছাড়িয়া ভোরের ভজন আহারের সন্ধ্যানে, বাতাসে বাঁধিয়া পাখা-সেতু-বাঁধ ছুটিবে সুদুর-পানে। শূন্য হাওয়ার শূন্য ভরিতে বুকখানি করি শুনো, ফুলের দেউল হবে না উজাড় আজিকে প্রভাতে পুন। হেথা যৌবন যত কিছু এর খাতায় লিখিয়া লয়, পান হতে চুন খসেনাক-এমনি হিসাবময়।</p>\r\n\r\n<p>হেথা যৌবন মেলিয়া ধরিয়া জমা-খরচের খাতা, লাভ লেকাসান নিতেছে বুঝিয়া খুলিয়া পাতায় পাতা। তুমি যে কিশোর তোমার দেশেতে হিসাব নিকাশ নাই, যে আসে নিকটে তাহারেই লও আপন বলিয়া তাই। তরুণ কিশোর ছেলে, আমরা আজিকে ভাবিয়া না পাই তুমি হেথা কেন এলে? তোমাদের প্রেম নিকষিত হেম কামনা নাহিক তায় যুগে যুগে কবি গড়িয়াছে ছবি কত ব্রজের গাঁয়! হয়ত তাহাও জানে না সে মেয়ে জানে না কুসুম-হার, এত যে আদরে গাঁথিছে সে তাহা গলায় দোলাবে কার?</p>\r\n\r\n<p>হায়রে করুণ হায়, এখনি যে সবে জাগিয়া উঠিবে প্রভাতের কিনারায়। তোমার গোকুল আজো শেখে নাই ভালবাসা বলে কারে, ভালবেসে তাই বুকে বেঁধে লয় আদরিয়া যারে তারে। সখালী পাতাও সখাদের সাথে, বিনামূলে দাও প্রাণ, এপারে মোদের মথুরার মত নাই দান-প্রতিদান। আজিও চেননি সোনার আদর, চেননি মুক্তাহার, হাসি মুখে তাই সোনা ঝরে পড়ে তোমাদের যারতার। তুমি ভাই সেই ব্রজের রাখাল, পাতার মুকুট পরি, তোমাদের রাজা আজো নাকি খেলে গেঁয়ো মাঠখানি ভরি।</p>\r\n\r\n<p>হায়রে করুণ হায়, এখনি যে সবে জাগিয়া উঠিবে প্রভাতের কিনারায়। এখনো গোপন আঁধারের তলে আলোকের শতদল, মেঘে মেঘে লেগে বরণে বরণে করিতেছে টলমল। হেথা যৌবন মেলিয়া ধরিয়া জমা-খরচের খাতা, লাভ লেকাসান নিতেছে বুঝিয়া খুলিয়া পাতায় পাতা। তোমাদের প্রেম নিকষিত হেম কামনা নাহিক তায় যুগে যুগে কবি গড়িয়াছে ছবি কত ব্রজের গাঁয়! বিহগ ছাড়িয়া ভোরের ভজন আহারের সন্ধ্যানে, বাতাসে বাঁধিয়া পাখা-সেতু-বাঁধ ছুটিবে সুদুর-পানে।</p>\r\n\r\n<p>সেথায় তোমার কিশোরী বধূটি মাটির প্রদীপ ধরি, তুলসীর মূলে প্রণাম যে আঁকে হয়ত তোমারে স্মরি। হেথা যৌবন যত কিছু এর খাতায় লিখিয়া লয়, পান হতে চুন খসেনাক-এমনি হিসাবময়। এখনো গোপন আঁধারের তলে আলোকের শতদল, মেঘে মেঘে লেগে বরণে বরণে করিতেছে টলমল। তোমার গোকুল আজো শেখে নাই ভালবাসা বলে কারে, ভালবেসে তাই বুকে বেঁধে লয় আদরিয়া যারে তারে। এখনো বসিয়া সেঁউতীর মালা গাঁথিছে ভোরের তারা, ঊষার রঙিন শাড়ীখানি তার বুনান হয়নি সারা।</p>\r\n\r\n<p>তোমাদের প্রেম নিকষিত হেম কামনা নাহিক তায় যুগে যুগে কবি গড়িয়াছে ছবি কত ব্রজের গাঁয়! হয়ত তাহারি অলকে বাঁধিতে মাঠের কুসুম ফুল, কতদূর পথ ঘুরিয়া মরিছ কত পথ করি ভুল। এখনো পাখিরা উঠেনি জাগিয়া, শিশির রয়েছে ঘুমে, কলঙ্কী চাঁদ পশ্চিমে হেলি কৌমুদী-লতা চুমে। হয়ত তাহারি অলকে বাঁধিতে মাঠের কুসুম ফুল, কতদূর পথ ঘুরিয়া মরিছ কত পথ করি ভুল। এখনো গোপন আঁধারের তলে আলোকের শতদল, মেঘে মেঘে লেগে বরণে বরণে করিতেছে টলমল।</p>\r\n\r\n<p>তরুণ কিশোর! তোমার জীবনে সবে এ ভোরের বেলা, ভোরের বাতাস ভোরের কুসুমে জুড়েছে রঙের খেলা। সেই ব্রজধূলি আজো ত মুছেনি তোমার সোনার গায়, কেন তবে ভাই, চরণ বাড়ালে যৌবন মথুরায়! ডাকে কেয়াবনে ফুল-মঞ্জরি ঘন-দেয়া সম্পাতে, মাটির বুকেতে তমাল তাহার ফুল-বাহুখানি পাতে। কারে ভালবাস, কারে যে বাস না তোমরা শেখনি তাহা, আমাদের মত কামনার ফাঁদে চেননি উহু ও আহা! আজো নাকি সেই বাঁশীর রাজাটি তমাল-লতার ফাঁদে, চরণ জড়ায়ে নূপুর হারায়ে পথের ধূলায় কাঁদে</p>\r\n\r\n<p>বঁধুর কোলেতে বধুয়া ঘুমায়, খোলেনি বাহুর বাঁধ, দীঘির জলেতে নাহিয়া নাহিয়া মেটেনি তারার সাধ। তোমাদের প্রেম নিকষিত হেম কামনা নাহিক তায় যুগে যুগে কবি গড়িয়াছে ছবি কত ব্রজের গাঁয়! রঙের কুহেলী তলে, তোমার জীবন ঊষার আকাশে শিশু রবি সম জ্বলে। এখনো গোপন আঁধারের তলে আলোকের শতদল, মেঘে মেঘে লেগে বরণে বরণে করিতেছে টলমল। হয়ত তাহারি অলকে বাঁধিতে মাঠের কুসুম ফুল, কতদূর পথ ঘুরিয়া মরিছ কত পথ করি ভুল।</p>\r\n\r\n<p>ওপারে কিশোর, এপারে যুবক, রাজার দেউল বাড়ি, পাষাণের দেশে কেন এলে ভাই। রাখালের দেশ ছাড়ি? তোমার গোকুল আজো শেখে নাই ভালবাসা বলে কারে, ভালবেসে তাই বুকে বেঁধে লয় আদরিয়া যারে তারে। হেথা যৌবন মেলিয়া ধরিয়া জমা-খরচের খাতা, লাভ লেকাসান নিতেছে বুঝিয়া খুলিয়া পাতায় পাতা। মাধবীলতার দোলনা বাঁধিয়া কদম্ব-শাখে শাখে, কিশোর! তোমার কিশোর সখারা তোমারে যে ওই ডাকে। এখনো আসেনি অলি, মধুর লোভেতে কোমল কুসুম দুপায়েতে দলি দলি।</p>\r\n\r\n<p>আজো নাকি সেই বাঁশীর রাজাটি তমাল-লতার ফাঁদে, চরণ জড়ায়ে নূপুর হারায়ে পথের ধূলায় কাঁদে তোমার গোকুল আজো শেখে নাই ভালবাসা বলে কারে, ভালবেসে তাই বুকে বেঁধে লয় আদরিয়া যারে তারে। আজিও নিজেরে বিকাইতে পার ফুলের মালার দামে, রূপকথা শুনি তোমাদের দেশে রূপকথা-দেয়া নামে। তুমিও হয়ত জান না কিশোর, সেই কিশোরীর লাগি, মনে মনে কত দেউল গেঁথেছে কত না রজনী জাগি। হাসিটি হেথায় বাজারে বিকায় গানের বেসাত করি, হেথাকার লোক সুরের পরাণ ধরে মানে লয় ভরি।</p>\r\n\r\n<p>হেথা যৌবন মেলিয়া ধরিয়া জমা-খরচের খাতা, লাভ লেকাসান নিতেছে বুঝিয়া খুলিয়া পাতায় পাতা। কারে ভালবাস, কারে যে বাস না তোমরা শেখনি তাহা, আমাদের মত কামনার ফাঁদে চেননি উহু ও আহা! কারে ভালবাস, কারে যে বাস না তোমরা শেখনি তাহা, আমাদের মত কামনার ফাঁদে চেননি উহু ও আহা! মোদের মথুরা টরমল করে পাপ-লালসার ভারে, ভোগের সমিধ জ্বালিয়া আমরা পুড়িতেছি বারে বারে। মোদের মথুরা টরমল করে পাপ-লালসার ভারে, ভোগের সমিধ জ্বালিয়া আমরা পুড়িতেছি বারে বারে।</p>\r\n\r\n<p>এখনো আসেনি অলি, মধুর লোভেতে কোমল কুসুম দুপায়েতে দলি দলি। হায়রে কিশোর হায়! ফুলের পরাণ বিকাতে এসেছ এই পাপ-মথুরায়। হয়ত তাহাও জানে না সে মেয়ে জানে না কুসুম-হার, এত যে আদরে গাঁথিছে সে তাহা গলায় দোলাবে কার? আজিও চেননি সোনার আদর, চেননি মুক্তাহার, হাসি মুখে তাই সোনা ঝরে পড়ে তোমাদের যারতার। তুমিও হয়ত জান না কিশোর, সেই কিশোরীর লাগি, মনে মনে কত দেউল গেঁথেছে কত না রজনী জাগি।</p>', 1, '2026-02-04 14:19:51', '2026-02-05 16:45:31'),
(8, 'ফুলের পরাণ বিকাতে এসেছ এই পাপ-মথুরায়', 'ফুলের-পরাণ-বিকাতে-এসেছ-এই-পাপমথুরায়', 'admin', '2026-02-05 16:45:46', 'ফুলের পরাণ বিকাতে এসেছ এই পাপ-মথুরায়', '<p>এখনো বসিয়া সেঁউতীর মালা গাঁথিছে ভোরের তারা, ঊষার রঙিন শাড়ীখানি তার বুনান হয়নি সারা। এখনো আসেনি অলি, মধুর লোভেতে কোমল কুসুম দুপায়েতে দলি দলি। কালিন্দী লতা গলায় জড়ায়ে সোনার গোকুল কাঁদে ব্রজের দুলাল বাঁধা নাহি পড়ে যেন মথুরার ফাঁদে। শূন্য হাওয়ার শূন্য ভরিতে বুকখানি করি শুনো, ফুলের দেউল হবে না উজাড় আজিকে প্রভাতে পুন। তুমিও হয়ত জান না কিশোর, সেই কিশোরীর লাগি, মনে মনে কত দেউল গেঁথেছে কত না রজনী জাগি।</p>\r\n\r\n<p>কারে ভালবাস, কারে যে বাস না তোমরা শেখনি তাহা, আমাদের মত কামনার ফাঁদে চেননি উহু ও আহা! কে এলে তবে ভাই, সোনার গোকুল আঁধার করিয়া এই মথুরার ঠাই। আজিও নিজেরে বিকাইতে পার ফুলের মালার দামে, রূপকথা শুনি তোমাদের দেশে রূপকথা-দেয়া নামে। হয়ত তাহাও জানে না সে মেয়ে জানে না কুসুম-হার, এত যে আদরে গাঁথিছে সে তাহা গলায় দোলাবে কার? আজো কানে গোঁজ শিরীষ কুসুম কিংশুক-মঞ্জরী, অলকে বাঁধিয়া পাটল ফুলেতে ভরে লও উত্তরী!</p>\r\n\r\n<p>শূন্য হাওয়ার শূন্য ভরিতে বুকখানি করি শুনো, ফুলের দেউল হবে না উজাড় আজিকে প্রভাতে পুন। হায়রে কিশোর হায়! ফুলের পরাণ বিকাতে এসেছ এই পাপ-মথুরায়। রঙের কুহেলী তলে, তোমার জীবন ঊষার আকাশে শিশু রবি সম জ্বলে। এখন হইবে লোক জানাজানি, মুখ চেনাচেনি আর, হিসাব নিকাশ হইবে এখন কতটুকু আছে কার। সেই ব্রজধূলি আজো ত মুছেনি তোমার সোনার গায়, কেন তবে ভাই, চরণ বাড়ালে যৌবন মথুরায়!</p>\r\n\r\n<p>আজো নাকি সেই বাঁশীর রাজাটি তমাল-লতার ফাঁদে, চরণ জড়ায়ে নূপুর হারায়ে পথের ধূলায় কাঁদে হয়ত তাহারি অলকে বাঁধিতে মাঠের কুসুম ফুল, কতদূর পথ ঘুরিয়া মরিছ কত পথ করি ভুল। ঘরে ফিরে যাও সোনার কিশোর! এ পাপমথুরাপুরী, তোমার সোনার অঙ্গেতে দেবে বিষবান ছুঁড়ি ছুঁড়ি। তরুণ কিশোর ছেলে, আমরা আজিকে ভাবিয়া না পাই তুমি হেথা কেন এলে? মোদের মথুরা টরমল করে পাপ-লালসার ভারে, ভোগের সমিধ জ্বালিয়া আমরা পুড়িতেছি বারে বারে।</p>\r\n\r\n<p>তুমি যে কিশোর তোমার দেশেতে হিসাব নিকাশ নাই, যে আসে নিকটে তাহারেই লও আপন বলিয়া তাই। ওপারে কিশোর, এপারে যুবক, রাজার দেউল বাড়ি, পাষাণের দেশে কেন এলে ভাই। রাখালের দেশ ছাড়ি? এখনো পাখিরা উঠেনি জাগিয়া, শিশির রয়েছে ঘুমে, কলঙ্কী চাঁদ পশ্চিমে হেলি কৌমুদী-লতা চুমে। এখন হইবে লোক জানাজানি, মুখ চেনাচেনি আর, হিসাব নিকাশ হইবে এখন কতটুকু আছে কার। তোমাদের সেই ব্রজের ধূলায় প্রেমের বেলাতি হয়, সেথা কেউ তার মূল্য জানে না, এই বড় বিস্ময়।</p>\r\n\r\n<p>কারে ভালবাস, কারে যে বাস না তোমরা শেখনি তাহা, আমাদের মত কামনার ফাঁদে চেননি উহু ও আহা! হেথা যৌবন যত কিছু এর খাতায় লিখিয়া লয়, পান হতে চুন খসেনাক-এমনি হিসাবময়। এখন হইবে লোক জানাজানি, মুখ চেনাচেনি আর, হিসাব নিকাশ হইবে এখন কতটুকু আছে কার। সখালী পাতাও সখাদের সাথে, বিনামূলে দাও প্রাণ, এপারে মোদের মথুরার মত নাই দান-প্রতিদান। তুমিও হয়ত জান না কিশোর, সেই কিশোরীর লাগি, মনে মনে কত দেউল গেঁথেছে কত না রজনী জাগি।</p>\r\n\r\n<p>তরুণ কিশোর ছেলে, আমরা আজিকে ভাবিয়া না পাই তুমি হেথা কেন এলে? এখনো আসেনি অলি, মধুর লোভেতে কোমল কুসুম দুপায়েতে দলি দলি। হায়রে করুণ হায়, এখনি যে সবে জাগিয়া উঠিবে প্রভাতের কিনারায়। ডাকে কেয়াবনে ফুল-মঞ্জরি ঘন-দেয়া সম্পাতে, মাটির বুকেতে তমাল তাহার ফুল-বাহুখানি পাতে। আজিও নিজেরে বিকাইতে পার ফুলের মালার দামে, রূপকথা শুনি তোমাদের দেশে রূপকথা-দেয়া নামে।</p>\r\n\r\n<p>তোমাদের প্রেম নিকষিত হেম কামনা নাহিক তায় যুগে যুগে কবি গড়িয়াছে ছবি কত ব্রজের গাঁয়! বঁধুর কোলেতে বধুয়া ঘুমায়, খোলেনি বাহুর বাঁধ, দীঘির জলেতে নাহিয়া নাহিয়া মেটেনি তারার সাধ। সখালী পাতাও সখাদের সাথে, বিনামূলে দাও প্রাণ, এপারে মোদের মথুরার মত নাই দান-প্রতিদান। হেথা যৌবন যত কিছু এর খাতায় লিখিয়া লয়, পান হতে চুন খসেনাক-এমনি হিসাবময়। হয়ত তাহাও জানে না সে মেয়ে জানে না কুসুম-হার, এত যে আদরে গাঁথিছে সে তাহা গলায় দোলাবে কার?</p>\r\n\r\n<p>আজিও নিজেরে বিকাইতে পার ফুলের মালার দামে, রূপকথা শুনি তোমাদের দেশে রূপকথা-দেয়া নামে। কালিন্দী লতা গলায় জড়ায়ে সোনার গোকুল কাঁদে ব্রজের দুলাল বাঁধা নাহি পড়ে যেন মথুরার ফাঁদে। এখনো পাখিরা উঠেনি জাগিয়া, শিশির রয়েছে ঘুমে, কলঙ্কী চাঁদ পশ্চিমে হেলি কৌমুদী-লতা চুমে। ওপারে কিশোর, এপারে যুবক, রাজার দেউল বাড়ি, পাষাণের দেশে কেন এলে ভাই। রাখালের দেশ ছাড়ি? হায়রে করুণ হায়, এখনি যে সবে জাগিয়া উঠিবে প্রভাতের কিনারায়।</p>\r\n\r\n<p>কে এলে তবে ভাই, সোনার গোকুল আঁধার করিয়া এই মথুরার ঠাই। তরুণ কিশোর ছেলে, আমরা আজিকে ভাবিয়া না পাই তুমি হেথা কেন এলে? তোমাদের প্রেম নিকষিত হেম কামনা নাহিক তায় যুগে যুগে কবি গড়িয়াছে ছবি কত ব্রজের গাঁয়! এখন হইবে লোক জানাজানি, মুখ চেনাচেনি আর, হিসাব নিকাশ হইবে এখন কতটুকু আছে কার। আজিও নিজেরে বিকাইতে পার ফুলের মালার দামে, রূপকথা শুনি তোমাদের দেশে রূপকথা-দেয়া নামে।</p>\r\n\r\n<p>সেই ব্রজধূলি আজো ত মুছেনি তোমার সোনার গায়, কেন তবে ভাই, চরণ বাড়ালে যৌবন মথুরায়! আজিও নিজেরে বিকাইতে পার ফুলের মালার দামে, রূপকথা শুনি তোমাদের দেশে রূপকথা-দেয়া নামে। রঙের কুহেলী তলে, তোমার জীবন ঊষার আকাশে শিশু রবি সম জ্বলে। হাসিটি হেথায় বাজারে বিকায় গানের বেসাত করি, হেথাকার লোক সুরের পরাণ ধরে মানে লয় ভরি। এখনো পাখিরা উঠেনি জাগিয়া, শিশির রয়েছে ঘুমে, কলঙ্কী চাঁদ পশ্চিমে হেলি কৌমুদী-লতা চুমে।</p>\r\n\r\n<p>এখন হইবে লোক জানাজানি, মুখ চেনাচেনি আর, হিসাব নিকাশ হইবে এখন কতটুকু আছে কার। হায়রে কিশোর হায়! ফুলের পরাণ বিকাতে এসেছ এই পাপ-মথুরায়। হয়ত তাহারি অলকে বাঁধিতে মাঠের কুসুম ফুল, কতদূর পথ ঘুরিয়া মরিছ কত পথ করি ভুল। তুমি যে কিশোর তোমার দেশেতে হিসাব নিকাশ নাই, যে আসে নিকটে তাহারেই লও আপন বলিয়া তাই। শূন্য হাওয়ার শূন্য ভরিতে বুকখানি করি শুনো, ফুলের দেউল হবে না উজাড় আজিকে প্রভাতে পুন।</p>\r\n\r\n<p>হেথা যৌবন যত কিছু এর খাতায় লিখিয়া লয়, পান হতে চুন খসেনাক-এমনি হিসাবময়। ঘরে ফিরে যাও সোনার কিশোর! এ পাপমথুরাপুরী, তোমার সোনার অঙ্গেতে দেবে বিষবান ছুঁড়ি ছুঁড়ি। এখনো আসেনি অলি, মধুর লোভেতে কোমল কুসুম দুপায়েতে দলি দলি। এখনো গোপন আঁধারের তলে আলোকের শতদল, মেঘে মেঘে লেগে বরণে বরণে করিতেছে টলমল। এখনো আসেনি অলি, মধুর লোভেতে কোমল কুসুম দুপায়েতে দলি দলি।</p>\r\n\r\n<p>আজো নাকি সেই বাঁশীর রাজাটি তমাল-লতার ফাঁদে, চরণ জড়ায়ে নূপুর হারায়ে পথের ধূলায় কাঁদে তোমাদের সেই ব্রজের ধূলায় প্রেমের বেলাতি হয়, সেথা কেউ তার মূল্য জানে না, এই বড় বিস্ময়। রঙের কুহেলী তলে, তোমার জীবন ঊষার আকাশে শিশু রবি সম জ্বলে। রঙের কুহেলী তলে, তোমার জীবন ঊষার আকাশে শিশু রবি সম জ্বলে। আজিও নিজেরে বিকাইতে পার ফুলের মালার দামে, রূপকথা শুনি তোমাদের দেশে রূপকথা-দেয়া নামে।</p>\r\n\r\n<p>হয়ত তাহারি অলকে বাঁধিতে মাঠের কুসুম ফুল, কতদূর পথ ঘুরিয়া মরিছ কত পথ করি ভুল। সখালী পাতাও সখাদের সাথে, বিনামূলে দাও প্রাণ, এপারে মোদের মথুরার মত নাই দান-প্রতিদান। কালিন্দী লতা গলায় জড়ায়ে সোনার গোকুল কাঁদে ব্রজের দুলাল বাঁধা নাহি পড়ে যেন মথুরার ফাঁদে। হেথা যৌবন মেলিয়া ধরিয়া জমা-খরচের খাতা, লাভ লেকাসান নিতেছে বুঝিয়া খুলিয়া পাতায় পাতা। শূন্য হাওয়ার শূন্য ভরিতে বুকখানি করি শুনো, ফুলের দেউল হবে না উজাড় আজিকে প্রভাতে পুন।</p>\r\n\r\n<p>তোমার গোকুল আজো শেখে নাই ভালবাসা বলে কারে, ভালবেসে তাই বুকে বেঁধে লয় আদরিয়া যারে তারে। কারে ভালবাস, কারে যে বাস না তোমরা শেখনি তাহা, আমাদের মত কামনার ফাঁদে চেননি উহু ও আহা! কে এলে তবে ভাই, সোনার গোকুল আঁধার করিয়া এই মথুরার ঠাই। হাসিটি হেথায় বাজারে বিকায় গানের বেসাত করি, হেথাকার লোক সুরের পরাণ ধরে মানে লয় ভরি। তুমি ভাই সেই ব্রজের রাখাল, পাতার মুকুট পরি, তোমাদের রাজা আজো নাকি খেলে গেঁয়ো মাঠখানি ভরি।</p>\r\n\r\n<p>বিহগ ছাড়িয়া ভোরের ভজন আহারের সন্ধ্যানে, বাতাসে বাঁধিয়া পাখা-সেতু-বাঁধ ছুটিবে সুদুর-পানে। তরুণ কিশোর! তোমার জীবনে সবে এ ভোরের বেলা, ভোরের বাতাস ভোরের কুসুমে জুড়েছে রঙের খেলা। এখনো গোপন আঁধারের তলে আলোকের শতদল, মেঘে মেঘে লেগে বরণে বরণে করিতেছে টলমল। হাসিটি হেথায় বাজারে বিকায় গানের বেসাত করি, হেথাকার লোক সুরের পরাণ ধরে মানে লয় ভরি। হেথা যৌবন মেলিয়া ধরিয়া জমা-খরচের খাতা, লাভ লেকাসান নিতেছে বুঝিয়া খুলিয়া পাতায় পাতা।</p>\r\n\r\n<p>ঘরে ফিরে যাও সোনার কিশোর! এ পাপমথুরাপুরী, তোমার সোনার অঙ্গেতে দেবে বিষবান ছুঁড়ি ছুঁড়ি। কে এলে তবে ভাই, সোনার গোকুল আঁধার করিয়া এই মথুরার ঠাই। আজো নাকি সেই বাঁশীর রাজাটি তমাল-লতার ফাঁদে, চরণ জড়ায়ে নূপুর হারায়ে পথের ধূলায় কাঁদে আজিও নিজেরে বিকাইতে পার ফুলের মালার দামে, রূপকথা শুনি তোমাদের দেশে রূপকথা-দেয়া নামে। কে এলে তবে ভাই, সোনার গোকুল আঁধার করিয়া এই মথুরার ঠাই।</p>\r\n\r\n<p>কে এলে তবে ভাই, সোনার গোকুল আঁধার করিয়া এই মথুরার ঠাই। হাসিটি হেথায় বাজারে বিকায় গানের বেসাত করি, হেথাকার লোক সুরের পরাণ ধরে মানে লয় ভরি। বিহগ ছাড়িয়া ভোরের ভজন আহারের সন্ধ্যানে, বাতাসে বাঁধিয়া পাখা-সেতু-বাঁধ ছুটিবে সুদুর-পানে। শূন্য হাওয়ার শূন্য ভরিতে বুকখানি করি শুনো, ফুলের দেউল হবে না উজাড় আজিকে প্রভাতে পুন। হেথা যৌবন যত কিছু এর খাতায় লিখিয়া লয়, পান হতে চুন খসেনাক-এমনি হিসাবময়।</p>\r\n\r\n<p>হেথা যৌবন মেলিয়া ধরিয়া জমা-খরচের খাতা, লাভ লেকাসান নিতেছে বুঝিয়া খুলিয়া পাতায় পাতা। তুমি যে কিশোর তোমার দেশেতে হিসাব নিকাশ নাই, যে আসে নিকটে তাহারেই লও আপন বলিয়া তাই। তরুণ কিশোর ছেলে, আমরা আজিকে ভাবিয়া না পাই তুমি হেথা কেন এলে? তোমাদের প্রেম নিকষিত হেম কামনা নাহিক তায় যুগে যুগে কবি গড়িয়াছে ছবি কত ব্রজের গাঁয়! হয়ত তাহাও জানে না সে মেয়ে জানে না কুসুম-হার, এত যে আদরে গাঁথিছে সে তাহা গলায় দোলাবে কার?</p>\r\n\r\n<p>হায়রে করুণ হায়, এখনি যে সবে জাগিয়া উঠিবে প্রভাতের কিনারায়। তোমার গোকুল আজো শেখে নাই ভালবাসা বলে কারে, ভালবেসে তাই বুকে বেঁধে লয় আদরিয়া যারে তারে। সখালী পাতাও সখাদের সাথে, বিনামূলে দাও প্রাণ, এপারে মোদের মথুরার মত নাই দান-প্রতিদান। আজিও চেননি সোনার আদর, চেননি মুক্তাহার, হাসি মুখে তাই সোনা ঝরে পড়ে তোমাদের যারতার। তুমি ভাই সেই ব্রজের রাখাল, পাতার মুকুট পরি, তোমাদের রাজা আজো নাকি খেলে গেঁয়ো মাঠখানি ভরি।</p>\r\n\r\n<p>হায়রে করুণ হায়, এখনি যে সবে জাগিয়া উঠিবে প্রভাতের কিনারায়। এখনো গোপন আঁধারের তলে আলোকের শতদল, মেঘে মেঘে লেগে বরণে বরণে করিতেছে টলমল। হেথা যৌবন মেলিয়া ধরিয়া জমা-খরচের খাতা, লাভ লেকাসান নিতেছে বুঝিয়া খুলিয়া পাতায় পাতা। তোমাদের প্রেম নিকষিত হেম কামনা নাহিক তায় যুগে যুগে কবি গড়িয়াছে ছবি কত ব্রজের গাঁয়! বিহগ ছাড়িয়া ভোরের ভজন আহারের সন্ধ্যানে, বাতাসে বাঁধিয়া পাখা-সেতু-বাঁধ ছুটিবে সুদুর-পানে।</p>\r\n\r\n<p>সেথায় তোমার কিশোরী বধূটি মাটির প্রদীপ ধরি, তুলসীর মূলে প্রণাম যে আঁকে হয়ত তোমারে স্মরি। হেথা যৌবন যত কিছু এর খাতায় লিখিয়া লয়, পান হতে চুন খসেনাক-এমনি হিসাবময়। এখনো গোপন আঁধারের তলে আলোকের শতদল, মেঘে মেঘে লেগে বরণে বরণে করিতেছে টলমল। তোমার গোকুল আজো শেখে নাই ভালবাসা বলে কারে, ভালবেসে তাই বুকে বেঁধে লয় আদরিয়া যারে তারে। এখনো বসিয়া সেঁউতীর মালা গাঁথিছে ভোরের তারা, ঊষার রঙিন শাড়ীখানি তার বুনান হয়নি সারা।</p>\r\n\r\n<p>তোমাদের প্রেম নিকষিত হেম কামনা নাহিক তায় যুগে যুগে কবি গড়িয়াছে ছবি কত ব্রজের গাঁয়! হয়ত তাহারি অলকে বাঁধিতে মাঠের কুসুম ফুল, কতদূর পথ ঘুরিয়া মরিছ কত পথ করি ভুল। এখনো পাখিরা উঠেনি জাগিয়া, শিশির রয়েছে ঘুমে, কলঙ্কী চাঁদ পশ্চিমে হেলি কৌমুদী-লতা চুমে। হয়ত তাহারি অলকে বাঁধিতে মাঠের কুসুম ফুল, কতদূর পথ ঘুরিয়া মরিছ কত পথ করি ভুল। এখনো গোপন আঁধারের তলে আলোকের শতদল, মেঘে মেঘে লেগে বরণে বরণে করিতেছে টলমল।</p>\r\n\r\n<p>তরুণ কিশোর! তোমার জীবনে সবে এ ভোরের বেলা, ভোরের বাতাস ভোরের কুসুমে জুড়েছে রঙের খেলা। সেই ব্রজধূলি আজো ত মুছেনি তোমার সোনার গায়, কেন তবে ভাই, চরণ বাড়ালে যৌবন মথুরায়! ডাকে কেয়াবনে ফুল-মঞ্জরি ঘন-দেয়া সম্পাতে, মাটির বুকেতে তমাল তাহার ফুল-বাহুখানি পাতে। কারে ভালবাস, কারে যে বাস না তোমরা শেখনি তাহা, আমাদের মত কামনার ফাঁদে চেননি উহু ও আহা! আজো নাকি সেই বাঁশীর রাজাটি তমাল-লতার ফাঁদে, চরণ জড়ায়ে নূপুর হারায়ে পথের ধূলায় কাঁদে</p>\r\n\r\n<p>বঁধুর কোলেতে বধুয়া ঘুমায়, খোলেনি বাহুর বাঁধ, দীঘির জলেতে নাহিয়া নাহিয়া মেটেনি তারার সাধ। তোমাদের প্রেম নিকষিত হেম কামনা নাহিক তায় যুগে যুগে কবি গড়িয়াছে ছবি কত ব্রজের গাঁয়! রঙের কুহেলী তলে, তোমার জীবন ঊষার আকাশে শিশু রবি সম জ্বলে। এখনো গোপন আঁধারের তলে আলোকের শতদল, মেঘে মেঘে লেগে বরণে বরণে করিতেছে টলমল। হয়ত তাহারি অলকে বাঁধিতে মাঠের কুসুম ফুল, কতদূর পথ ঘুরিয়া মরিছ কত পথ করি ভুল।</p>\r\n\r\n<p>ওপারে কিশোর, এপারে যুবক, রাজার দেউল বাড়ি, পাষাণের দেশে কেন এলে ভাই। রাখালের দেশ ছাড়ি? তোমার গোকুল আজো শেখে নাই ভালবাসা বলে কারে, ভালবেসে তাই বুকে বেঁধে লয় আদরিয়া যারে তারে। হেথা যৌবন মেলিয়া ধরিয়া জমা-খরচের খাতা, লাভ লেকাসান নিতেছে বুঝিয়া খুলিয়া পাতায় পাতা। মাধবীলতার দোলনা বাঁধিয়া কদম্ব-শাখে শাখে, কিশোর! তোমার কিশোর সখারা তোমারে যে ওই ডাকে। এখনো আসেনি অলি, মধুর লোভেতে কোমল কুসুম দুপায়েতে দলি দলি।</p>\r\n\r\n<p>আজো নাকি সেই বাঁশীর রাজাটি তমাল-লতার ফাঁদে, চরণ জড়ায়ে নূপুর হারায়ে পথের ধূলায় কাঁদে তোমার গোকুল আজো শেখে নাই ভালবাসা বলে কারে, ভালবেসে তাই বুকে বেঁধে লয় আদরিয়া যারে তারে। আজিও নিজেরে বিকাইতে পার ফুলের মালার দামে, রূপকথা শুনি তোমাদের দেশে রূপকথা-দেয়া নামে। তুমিও হয়ত জান না কিশোর, সেই কিশোরীর লাগি, মনে মনে কত দেউল গেঁথেছে কত না রজনী জাগি। হাসিটি হেথায় বাজারে বিকায় গানের বেসাত করি, হেথাকার লোক সুরের পরাণ ধরে মানে লয় ভরি।</p>\r\n\r\n<p>হেথা যৌবন মেলিয়া ধরিয়া জমা-খরচের খাতা, লাভ লেকাসান নিতেছে বুঝিয়া খুলিয়া পাতায় পাতা। কারে ভালবাস, কারে যে বাস না তোমরা শেখনি তাহা, আমাদের মত কামনার ফাঁদে চেননি উহু ও আহা! কারে ভালবাস, কারে যে বাস না তোমরা শেখনি তাহা, আমাদের মত কামনার ফাঁদে চেননি উহু ও আহা! মোদের মথুরা টরমল করে পাপ-লালসার ভারে, ভোগের সমিধ জ্বালিয়া আমরা পুড়িতেছি বারে বারে। মোদের মথুরা টরমল করে পাপ-লালসার ভারে, ভোগের সমিধ জ্বালিয়া আমরা পুড়িতেছি বারে বারে।</p>\r\n\r\n<p>এখনো আসেনি অলি, মধুর লোভেতে কোমল কুসুম দুপায়েতে দলি দলি। হায়রে কিশোর হায়! ফুলের পরাণ বিকাতে এসেছ এই পাপ-মথুরায়। হয়ত তাহাও জানে না সে মেয়ে জানে না কুসুম-হার, এত যে আদরে গাঁথিছে সে তাহা গলায় দোলাবে কার? আজিও চেননি সোনার আদর, চেননি মুক্তাহার, হাসি মুখে তাই সোনা ঝরে পড়ে তোমাদের যারতার। তুমিও হয়ত জান না কিশোর, সেই কিশোরীর লাগি, মনে মনে কত দেউল গেঁথেছে কত না রজনী জাগি।</p>', 1, '2026-02-04 14:21:24', '2026-02-05 16:45:46'),
(11, 'হাসিটি হেথায় বাজারে বিকায় গানের বেসাত করি', 'হাসিটি-হেথায়-বাজারে-বিকায়-গানের-বেসাত-করি', 'admin', '2026-02-05 16:26:39', 'হাসিটি হেথায় বাজারে বিকায় গানের বেসাত করি', '<p>হাসিটি হেথায় বাজারে বিকায় গানের বেসাত করি, হেথাকার লোক সুরের পরাণ ধরে মানে লয় ভরি। হেথা যৌবন মেলিয়া ধরিয়া জমা-খরচের খাতা, লাভ লেকাসান নিতেছে বুঝিয়া খুলিয়া পাতায় পাতা। মোদের মথুরা টরমল করে পাপ-লালসার ভারে, ভোগের সমিধ জ্বালিয়া আমরা পুড়িতেছি বারে বারে। হাসিটি হেথায় বাজারে বিকায় গানের বেসাত করি, হেথাকার লোক সুরের পরাণ ধরে মানে লয় ভরি। বঁধুর কোলেতে বধুয়া ঘুমায়, খোলেনি বাহুর বাঁধ, দীঘির জলেতে নাহিয়া নাহিয়া মেটেনি তারার সাধ।</p>\r\n\r\n<p>ঘরে ফিরে যাও সোনার কিশোর! এ পাপমথুরাপুরী, তোমার সোনার অঙ্গেতে দেবে বিষবান ছুঁড়ি ছুঁড়ি। হায়রে কিশোর হায়! ফুলের পরাণ বিকাতে এসেছ এই পাপ-মথুরায়। হেথা যৌবন যত কিছু এর খাতায় লিখিয়া লয়, পান হতে চুন খসেনাক-এমনি হিসাবময়। কারে ভালবাস, কারে যে বাস না তোমরা শেখনি তাহা, আমাদের মত কামনার ফাঁদে চেননি উহু ও আহা! কালিন্দী লতা গলায় জড়ায়ে সোনার গোকুল কাঁদে ব্রজের দুলাল বাঁধা নাহি পড়ে যেন মথুরার ফাঁদে।</p>\r\n\r\n<p>এখন হইবে লোক জানাজানি, মুখ চেনাচেনি আর, হিসাব নিকাশ হইবে এখন কতটুকু আছে কার। সখালী পাতাও সখাদের সাথে, বিনামূলে দাও প্রাণ, এপারে মোদের মথুরার মত নাই দান-প্রতিদান। কে এলে তবে ভাই, সোনার গোকুল আঁধার করিয়া এই মথুরার ঠাই। কারে ভালবাস, কারে যে বাস না তোমরা শেখনি তাহা, আমাদের মত কামনার ফাঁদে চেননি উহু ও আহা! সেই ব্রজধূলি আজো ত মুছেনি তোমার সোনার গায়, কেন তবে ভাই, চরণ বাড়ালে যৌবন মথুরায়!</p>\r\n\r\n<p>এখনো পাখিরা উঠেনি জাগিয়া, শিশির রয়েছে ঘুমে, কলঙ্কী চাঁদ পশ্চিমে হেলি কৌমুদী-লতা চুমে। তোমার গোকুল আজো শেখে নাই ভালবাসা বলে কারে, ভালবেসে তাই বুকে বেঁধে লয় আদরিয়া যারে তারে। বিহগ ছাড়িয়া ভোরের ভজন আহারের সন্ধ্যানে, বাতাসে বাঁধিয়া পাখা-সেতু-বাঁধ ছুটিবে সুদুর-পানে। আজো নাকি সেই বাঁশীর রাজাটি তমাল-লতার ফাঁদে, চরণ জড়ায়ে নূপুর হারায়ে পথের ধূলায় কাঁদে তরুণ কিশোর ছেলে, আমরা আজিকে ভাবিয়া না পাই তুমি হেথা কেন এলে?</p>\r\n\r\n<p>মাধবীলতার দোলনা বাঁধিয়া কদম্ব-শাখে শাখে, কিশোর! তোমার কিশোর সখারা তোমারে যে ওই ডাকে। সেই ব্রজধূলি আজো ত মুছেনি তোমার সোনার গায়, কেন তবে ভাই, চরণ বাড়ালে যৌবন মথুরায়! কারে ভালবাস, কারে যে বাস না তোমরা শেখনি তাহা, আমাদের মত কামনার ফাঁদে চেননি উহু ও আহা! ঘরে ফিরে যাও সোনার কিশোর! এ পাপমথুরাপুরী, তোমার সোনার অঙ্গেতে দেবে বিষবান ছুঁড়ি ছুঁড়ি। এখনো আসেনি অলি, মধুর লোভেতে কোমল কুসুম দুপায়েতে দলি দলি।</p>\r\n\r\n<p>ঘরে ফিরে যাও সোনার কিশোর! এ পাপমথুরাপুরী, তোমার সোনার অঙ্গেতে দেবে বিষবান ছুঁড়ি ছুঁড়ি। কালিন্দী লতা গলায় জড়ায়ে সোনার গোকুল কাঁদে ব্রজের দুলাল বাঁধা নাহি পড়ে যেন মথুরার ফাঁদে। আজিও চেননি সোনার আদর, চেননি মুক্তাহার, হাসি মুখে তাই সোনা ঝরে পড়ে তোমাদের যারতার। বিহগ ছাড়িয়া ভোরের ভজন আহারের সন্ধ্যানে, বাতাসে বাঁধিয়া পাখা-সেতু-বাঁধ ছুটিবে সুদুর-পানে। হয়ত তাহাও জানে না সে মেয়ে জানে না কুসুম-হার, এত যে আদরে গাঁথিছে সে তাহা গলায় দোলাবে কার?</p>\r\n\r\n<p>আজো নাকি সেই বাঁশীর রাজাটি তমাল-লতার ফাঁদে, চরণ জড়ায়ে নূপুর হারায়ে পথের ধূলায় কাঁদে মোদের মথুরা টরমল করে পাপ-লালসার ভারে, ভোগের সমিধ জ্বালিয়া আমরা পুড়িতেছি বারে বারে। আজো নাকি সেই বাঁশীর রাজাটি তমাল-লতার ফাঁদে, চরণ জড়ায়ে নূপুর হারায়ে পথের ধূলায় কাঁদে হায়রে কিশোর হায়! ফুলের পরাণ বিকাতে এসেছ এই পাপ-মথুরায়। এখনো আসেনি অলি, মধুর লোভেতে কোমল কুসুম দুপায়েতে দলি দলি।</p>\r\n\r\n<p>তোমাদের সেই ব্রজের ধূলায় প্রেমের বেলাতি হয়, সেথা কেউ তার মূল্য জানে না, এই বড় বিস্ময়। তোমার গোকুল আজো শেখে নাই ভালবাসা বলে কারে, ভালবেসে তাই বুকে বেঁধে লয় আদরিয়া যারে তারে। আজিও চেননি সোনার আদর, চেননি মুক্তাহার, হাসি মুখে তাই সোনা ঝরে পড়ে তোমাদের যারতার। বিহগ ছাড়িয়া ভোরের ভজন আহারের সন্ধ্যানে, বাতাসে বাঁধিয়া পাখা-সেতু-বাঁধ ছুটিবে সুদুর-পানে। হয়ত তাহারি অলকে বাঁধিতে মাঠের কুসুম ফুল, কতদূর পথ ঘুরিয়া মরিছ কত পথ করি ভুল।</p>\r\n\r\n<p>হেথা যৌবন যত কিছু এর খাতায় লিখিয়া লয়, পান হতে চুন খসেনাক-এমনি হিসাবময়। হায়রে করুণ হায়, এখনি যে সবে জাগিয়া উঠিবে প্রভাতের কিনারায়। বিহগ ছাড়িয়া ভোরের ভজন আহারের সন্ধ্যানে, বাতাসে বাঁধিয়া পাখা-সেতু-বাঁধ ছুটিবে সুদুর-পানে। মাধবীলতার দোলনা বাঁধিয়া কদম্ব-শাখে শাখে, কিশোর! তোমার কিশোর সখারা তোমারে যে ওই ডাকে। রঙের কুহেলী তলে, তোমার জীবন ঊষার আকাশে শিশু রবি সম জ্বলে।</p>\r\n\r\n<p>আজো কানে গোঁজ শিরীষ কুসুম কিংশুক-মঞ্জরী, অলকে বাঁধিয়া পাটল ফুলেতে ভরে লও উত্তরী! কারে ভালবাস, কারে যে বাস না তোমরা শেখনি তাহা, আমাদের মত কামনার ফাঁদে চেননি উহু ও আহা! এখনো আসেনি অলি, মধুর লোভেতে কোমল কুসুম দুপায়েতে দলি দলি। বঁধুর কোলেতে বধুয়া ঘুমায়, খোলেনি বাহুর বাঁধ, দীঘির জলেতে নাহিয়া নাহিয়া মেটেনি তারার সাধ। সেই ব্রজধূলি আজো ত মুছেনি তোমার সোনার গায়, কেন তবে ভাই, চরণ বাড়ালে যৌবন মথুরায়!</p>\r\n\r\n<p>সেথায় তোমার কিশোরী বধূটি মাটির প্রদীপ ধরি, তুলসীর মূলে প্রণাম যে আঁকে হয়ত তোমারে স্মরি। ডাকে কেয়াবনে ফুল-মঞ্জরি ঘন-দেয়া সম্পাতে, মাটির বুকেতে তমাল তাহার ফুল-বাহুখানি পাতে। এখনো বসিয়া সেঁউতীর মালা গাঁথিছে ভোরের তারা, ঊষার রঙিন শাড়ীখানি তার বুনান হয়নি সারা। আজো কানে গোঁজ শিরীষ কুসুম কিংশুক-মঞ্জরী, অলকে বাঁধিয়া পাটল ফুলেতে ভরে লও উত্তরী! তরুণ কিশোর! তোমার জীবনে সবে এ ভোরের বেলা, ভোরের বাতাস ভোরের কুসুমে জুড়েছে রঙের খেলা।</p>\r\n\r\n<p>তোমার গোকুল আজো শেখে নাই ভালবাসা বলে কারে, ভালবেসে তাই বুকে বেঁধে লয় আদরিয়া যারে তারে। ওপারে কিশোর, এপারে যুবক, রাজার দেউল বাড়ি, পাষাণের দেশে কেন এলে ভাই। রাখালের দেশ ছাড়ি? এখনো গোপন আঁধারের তলে আলোকের শতদল, মেঘে মেঘে লেগে বরণে বরণে করিতেছে টলমল। আজিও চেননি সোনার আদর, চেননি মুক্তাহার, হাসি মুখে তাই সোনা ঝরে পড়ে তোমাদের যারতার। মোদের মথুরা টরমল করে পাপ-লালসার ভারে, ভোগের সমিধ জ্বালিয়া আমরা পুড়িতেছি বারে বারে।</p>\r\n\r\n<p>আজিও নিজেরে বিকাইতে পার ফুলের মালার দামে, রূপকথা শুনি তোমাদের দেশে রূপকথা-দেয়া নামে। কালিন্দী লতা গলায় জড়ায়ে সোনার গোকুল কাঁদে ব্রজের দুলাল বাঁধা নাহি পড়ে যেন মথুরার ফাঁদে। মাধবীলতার দোলনা বাঁধিয়া কদম্ব-শাখে শাখে, কিশোর! তোমার কিশোর সখারা তোমারে যে ওই ডাকে। মোদের মথুরা টরমল করে পাপ-লালসার ভারে, ভোগের সমিধ জ্বালিয়া আমরা পুড়িতেছি বারে বারে। সেই ব্রজধূলি আজো ত মুছেনি তোমার সোনার গায়, কেন তবে ভাই, চরণ বাড়ালে যৌবন মথুরায়!</p>\r\n\r\n<p>এখনো আসেনি অলি, মধুর লোভেতে কোমল কুসুম দুপায়েতে দলি দলি। সখালী পাতাও সখাদের সাথে, বিনামূলে দাও প্রাণ, এপারে মোদের মথুরার মত নাই দান-প্রতিদান। আজো নাকি সেই বাঁশীর রাজাটি তমাল-লতার ফাঁদে, চরণ জড়ায়ে নূপুর হারায়ে পথের ধূলায় কাঁদে হায়রে করুণ হায়, এখনি যে সবে জাগিয়া উঠিবে প্রভাতের কিনারায়। তুমি ভাই সেই ব্রজের রাখাল, পাতার মুকুট পরি, তোমাদের রাজা আজো নাকি খেলে গেঁয়ো মাঠখানি ভরি।</p>\r\n\r\n<p>আজিও চেননি সোনার আদর, চেননি মুক্তাহার, হাসি মুখে তাই সোনা ঝরে পড়ে তোমাদের যারতার। এখনো পাখিরা উঠেনি জাগিয়া, শিশির রয়েছে ঘুমে, কলঙ্কী চাঁদ পশ্চিমে হেলি কৌমুদী-লতা চুমে। ডাকে কেয়াবনে ফুল-মঞ্জরি ঘন-দেয়া সম্পাতে, মাটির বুকেতে তমাল তাহার ফুল-বাহুখানি পাতে। তুমি যে কিশোর তোমার দেশেতে হিসাব নিকাশ নাই, যে আসে নিকটে তাহারেই লও আপন বলিয়া তাই। মাধবীলতার দোলনা বাঁধিয়া কদম্ব-শাখে শাখে, কিশোর! তোমার কিশোর সখারা তোমারে যে ওই ডাকে।</p>\r\n\r\n<p>ডাকে কেয়াবনে ফুল-মঞ্জরি ঘন-দেয়া সম্পাতে, মাটির বুকেতে তমাল তাহার ফুল-বাহুখানি পাতে। হেথা যৌবন মেলিয়া ধরিয়া জমা-খরচের খাতা, লাভ লেকাসান নিতেছে বুঝিয়া খুলিয়া পাতায় পাতা। আজো কানে গোঁজ শিরীষ কুসুম কিংশুক-মঞ্জরী, অলকে বাঁধিয়া পাটল ফুলেতে ভরে লও উত্তরী! তুমি ভাই সেই ব্রজের রাখাল, পাতার মুকুট পরি, তোমাদের রাজা আজো নাকি খেলে গেঁয়ো মাঠখানি ভরি। কে এলে তবে ভাই, সোনার গোকুল আঁধার করিয়া এই মথুরার ঠাই।</p>\r\n\r\n<p>আজিও চেননি সোনার আদর, চেননি মুক্তাহার, হাসি মুখে তাই সোনা ঝরে পড়ে তোমাদের যারতার। কালিন্দী লতা গলায় জড়ায়ে সোনার গোকুল কাঁদে ব্রজের দুলাল বাঁধা নাহি পড়ে যেন মথুরার ফাঁদে। ঘরে ফিরে যাও সোনার কিশোর! এ পাপমথুরাপুরী, তোমার সোনার অঙ্গেতে দেবে বিষবান ছুঁড়ি ছুঁড়ি। শূন্য হাওয়ার শূন্য ভরিতে বুকখানি করি শুনো, ফুলের দেউল হবে না উজাড় আজিকে প্রভাতে পুন। ওপারে কিশোর, এপারে যুবক, রাজার দেউল বাড়ি, পাষাণের দেশে কেন এলে ভাই। রাখালের দেশ ছাড়ি?</p>\r\n\r\n<p>আজিও নিজেরে বিকাইতে পার ফুলের মালার দামে, রূপকথা শুনি তোমাদের দেশে রূপকথা-দেয়া নামে। সেথায় তোমার কিশোরী বধূটি মাটির প্রদীপ ধরি, তুলসীর মূলে প্রণাম যে আঁকে হয়ত তোমারে স্মরি। হেথা যৌবন মেলিয়া ধরিয়া জমা-খরচের খাতা, লাভ লেকাসান নিতেছে বুঝিয়া খুলিয়া পাতায় পাতা। তোমাদের প্রেম নিকষিত হেম কামনা নাহিক তায় যুগে যুগে কবি গড়িয়াছে ছবি কত ব্রজের গাঁয়! তরুণ কিশোর ছেলে, আমরা আজিকে ভাবিয়া না পাই তুমি হেথা কেন এলে?</p>\r\n\r\n<p>বিহগ ছাড়িয়া ভোরের ভজন আহারের সন্ধ্যানে, বাতাসে বাঁধিয়া পাখা-সেতু-বাঁধ ছুটিবে সুদুর-পানে। তুমি ভাই সেই ব্রজের রাখাল, পাতার মুকুট পরি, তোমাদের রাজা আজো নাকি খেলে গেঁয়ো মাঠখানি ভরি। এখন হইবে লোক জানাজানি, মুখ চেনাচেনি আর, হিসাব নিকাশ হইবে এখন কতটুকু আছে কার। এখনো গোপন আঁধারের তলে আলোকের শতদল, মেঘে মেঘে লেগে বরণে বরণে করিতেছে টলমল। শূন্য হাওয়ার শূন্য ভরিতে বুকখানি করি শুনো, ফুলের দেউল হবে না উজাড় আজিকে প্রভাতে পুন।</p>\r\n\r\n<p>তোমার গোকুল আজো শেখে নাই ভালবাসা বলে কারে, ভালবেসে তাই বুকে বেঁধে লয় আদরিয়া যারে তারে। তোমার গোকুল আজো শেখে নাই ভালবাসা বলে কারে, ভালবেসে তাই বুকে বেঁধে লয় আদরিয়া যারে তারে। এখন হইবে লোক জানাজানি, মুখ চেনাচেনি আর, হিসাব নিকাশ হইবে এখন কতটুকু আছে কার। শূন্য হাওয়ার শূন্য ভরিতে বুকখানি করি শুনো, ফুলের দেউল হবে না উজাড় আজিকে প্রভাতে পুন। তোমাদের সেই ব্রজের ধূলায় প্রেমের বেলাতি হয়, সেথা কেউ তার মূল্য জানে না, এই বড় বিস্ময়।</p>\r\n\r\n<p>হয়ত তাহারি অলকে বাঁধিতে মাঠের কুসুম ফুল, কতদূর পথ ঘুরিয়া মরিছ কত পথ করি ভুল। মোদের মথুরা টরমল করে পাপ-লালসার ভারে, ভোগের সমিধ জ্বালিয়া আমরা পুড়িতেছি বারে বারে। মোদের মথুরা টরমল করে পাপ-লালসার ভারে, ভোগের সমিধ জ্বালিয়া আমরা পুড়িতেছি বারে বারে। সখালী পাতাও সখাদের সাথে, বিনামূলে দাও প্রাণ, এপারে মোদের মথুরার মত নাই দান-প্রতিদান। আজো কানে গোঁজ শিরীষ কুসুম কিংশুক-মঞ্জরী, অলকে বাঁধিয়া পাটল ফুলেতে ভরে লও উত্তরী!</p>\r\n\r\n<p>আজিও চেননি সোনার আদর, চেননি মুক্তাহার, হাসি মুখে তাই সোনা ঝরে পড়ে তোমাদের যারতার। তরুণ কিশোর ছেলে, আমরা আজিকে ভাবিয়া না পাই তুমি হেথা কেন এলে? হয়ত তাহাও জানে না সে মেয়ে জানে না কুসুম-হার, এত যে আদরে গাঁথিছে সে তাহা গলায় দোলাবে কার? সেথায় তোমার কিশোরী বধূটি মাটির প্রদীপ ধরি, তুলসীর মূলে প্রণাম যে আঁকে হয়ত তোমারে স্মরি। তরুণ কিশোর! তোমার জীবনে সবে এ ভোরের বেলা, ভোরের বাতাস ভোরের কুসুমে জুড়েছে রঙের খেলা।</p>\r\n\r\n<p>তোমাদের সেই ব্রজের ধূলায় প্রেমের বেলাতি হয়, সেথা কেউ তার মূল্য জানে না, এই বড় বিস্ময়। সেথায় তোমার কিশোরী বধূটি মাটির প্রদীপ ধরি, তুলসীর মূলে প্রণাম যে আঁকে হয়ত তোমারে স্মরি। বঁধুর কোলেতে বধুয়া ঘুমায়, খোলেনি বাহুর বাঁধ, দীঘির জলেতে নাহিয়া নাহিয়া মেটেনি তারার সাধ। এখনো আসেনি অলি, মধুর লোভেতে কোমল কুসুম দুপায়েতে দলি দলি। শূন্য হাওয়ার শূন্য ভরিতে বুকখানি করি শুনো, ফুলের দেউল হবে না উজাড় আজিকে প্রভাতে পুন।</p>\r\n\r\n<p>তরুণ কিশোর ছেলে, আমরা আজিকে ভাবিয়া না পাই তুমি হেথা কেন এলে? তোমাদের প্রেম নিকষিত হেম কামনা নাহিক তায় যুগে যুগে কবি গড়িয়াছে ছবি কত ব্রজের গাঁয়! তোমার গোকুল আজো শেখে নাই ভালবাসা বলে কারে, ভালবেসে তাই বুকে বেঁধে লয় আদরিয়া যারে তারে। আজিও চেননি সোনার আদর, চেননি মুক্তাহার, হাসি মুখে তাই সোনা ঝরে পড়ে তোমাদের যারতার। হয়ত তাহারি অলকে বাঁধিতে মাঠের কুসুম ফুল, কতদূর পথ ঘুরিয়া মরিছ কত পথ করি ভুল।</p>\r\n\r\n<p>সেই ব্রজধূলি আজো ত মুছেনি তোমার সোনার গায়, কেন তবে ভাই, চরণ বাড়ালে যৌবন মথুরায়! তরুণ কিশোর! তোমার জীবনে সবে এ ভোরের বেলা, ভোরের বাতাস ভোরের কুসুমে জুড়েছে রঙের খেলা। হয়ত তাহাও জানে না সে মেয়ে জানে না কুসুম-হার, এত যে আদরে গাঁথিছে সে তাহা গলায় দোলাবে কার? তোমাদের সেই ব্রজের ধূলায় প্রেমের বেলাতি হয়, সেথা কেউ তার মূল্য জানে না, এই বড় বিস্ময়। আজো কানে গোঁজ শিরীষ কুসুম কিংশুক-মঞ্জরী, অলকে বাঁধিয়া পাটল ফুলেতে ভরে লও উত্তরী!</p>\r\n\r\n<p>শূন্য হাওয়ার শূন্য ভরিতে বুকখানি করি শুনো, ফুলের দেউল হবে না উজাড় আজিকে প্রভাতে পুন। ডাকে কেয়াবনে ফুল-মঞ্জরি ঘন-দেয়া সম্পাতে, মাটির বুকেতে তমাল তাহার ফুল-বাহুখানি পাতে। মাধবীলতার দোলনা বাঁধিয়া কদম্ব-শাখে শাখে, কিশোর! তোমার কিশোর সখারা তোমারে যে ওই ডাকে। সেথায় তোমার কিশোরী বধূটি মাটির প্রদীপ ধরি, তুলসীর মূলে প্রণাম যে আঁকে হয়ত তোমারে স্মরি। তুমিও হয়ত জান না কিশোর, সেই কিশোরীর লাগি, মনে মনে কত দেউল গেঁথেছে কত না রজনী জাগি।</p>', 1, '2026-02-04 19:34:37', '2026-02-05 17:11:51'),
(12, 'তুমি ভাই সেই ব্রজের রাখাল', 'তুমি-ভাই-সেই-ব্রজের-রাখাল', 'admin', '2026-02-05 16:35:26', 'তুমি ভাই সেই ব্রজের রাখাল', '<p>তুমি ভাই সেই ব্রজের রাখাল, পাতার মুকুট পরি, তোমাদের রাজা আজো নাকি খেলে গেঁয়ো মাঠখানি ভরি। সেথায় তোমার কিশোরী বধূটি মাটির প্রদীপ ধরি, তুলসীর মূলে প্রণাম যে আঁকে হয়ত তোমারে স্মরি। হেথা যৌবন যত কিছু এর খাতায় লিখিয়া লয়, পান হতে চুন খসেনাক-এমনি হিসাবময়। হয়ত তাহারি অলকে বাঁধিতে মাঠের কুসুম ফুল, কতদূর পথ ঘুরিয়া মরিছ কত পথ করি ভুল। তরুণ কিশোর! তোমার জীবনে সবে এ ভোরের বেলা, ভোরের বাতাস ভোরের কুসুমে জুড়েছে রঙের খেলা।</p>\r\n\r\n<p>সখালী পাতাও সখাদের সাথে, বিনামূলে দাও প্রাণ, এপারে মোদের মথুরার মত নাই দান-প্রতিদান। তোমাদের প্রেম নিকষিত হেম কামনা নাহিক তায় যুগে যুগে কবি গড়িয়াছে ছবি কত ব্রজের গাঁয়! হয়ত তাহারি অলকে বাঁধিতে মাঠের কুসুম ফুল, কতদূর পথ ঘুরিয়া মরিছ কত পথ করি ভুল। তুমি যে কিশোর তোমার দেশেতে হিসাব নিকাশ নাই, যে আসে নিকটে তাহারেই লও আপন বলিয়া তাই। তরুণ কিশোর! তোমার জীবনে সবে এ ভোরের বেলা, ভোরের বাতাস ভোরের কুসুমে জুড়েছে রঙের খেলা।</p>\r\n\r\n<p>ডাকে কেয়াবনে ফুল-মঞ্জরি ঘন-দেয়া সম্পাতে, মাটির বুকেতে তমাল তাহার ফুল-বাহুখানি পাতে। শূন্য হাওয়ার শূন্য ভরিতে বুকখানি করি শুনো, ফুলের দেউল হবে না উজাড় আজিকে প্রভাতে পুন। আজো নাকি সেই বাঁশীর রাজাটি তমাল-লতার ফাঁদে, চরণ জড়ায়ে নূপুর হারায়ে পথের ধূলায় কাঁদে হয়ত তাহাও জানে না সে মেয়ে জানে না কুসুম-হার, এত যে আদরে গাঁথিছে সে তাহা গলায় দোলাবে কার? তরুণ কিশোর ছেলে, আমরা আজিকে ভাবিয়া না পাই তুমি হেথা কেন এলে?</p>\r\n\r\n<p>হয়ত তাহাও জানে না সে মেয়ে জানে না কুসুম-হার, এত যে আদরে গাঁথিছে সে তাহা গলায় দোলাবে কার? হয়ত তাহারি অলকে বাঁধিতে মাঠের কুসুম ফুল, কতদূর পথ ঘুরিয়া মরিছ কত পথ করি ভুল। তরুণ কিশোর ছেলে, আমরা আজিকে ভাবিয়া না পাই তুমি হেথা কেন এলে? এখনো আসেনি অলি, মধুর লোভেতে কোমল কুসুম দুপায়েতে দলি দলি। তুমি যে কিশোর তোমার দেশেতে হিসাব নিকাশ নাই, যে আসে নিকটে তাহারেই লও আপন বলিয়া তাই।</p>\r\n\r\n<p>ওপারে কিশোর, এপারে যুবক, রাজার দেউল বাড়ি, পাষাণের দেশে কেন এলে ভাই। রাখালের দেশ ছাড়ি? মোদের মথুরা টরমল করে পাপ-লালসার ভারে, ভোগের সমিধ জ্বালিয়া আমরা পুড়িতেছি বারে বারে। ঘরে ফিরে যাও সোনার কিশোর! এ পাপমথুরাপুরী, তোমার সোনার অঙ্গেতে দেবে বিষবান ছুঁড়ি ছুঁড়ি। আজো নাকি সেই বাঁশীর রাজাটি তমাল-লতার ফাঁদে, চরণ জড়ায়ে নূপুর হারায়ে পথের ধূলায় কাঁদে এখনো বসিয়া সেঁউতীর মালা গাঁথিছে ভোরের তারা, ঊষার রঙিন শাড়ীখানি তার বুনান হয়নি সারা।</p>', 1, '2026-02-05 16:28:10', '2026-02-05 17:06:59');

-- --------------------------------------------------------

--
-- Table structure for table `news_post_categories`
--

DROP TABLE IF EXISTS `news_post_categories`;
CREATE TABLE IF NOT EXISTS `news_post_categories` (
  `id` int UNSIGNED NOT NULL AUTO_INCREMENT,
  `news_post_id` int UNSIGNED NOT NULL,
  `category_id` int UNSIGNED NOT NULL,
  PRIMARY KEY (`id`),
  KEY `news_post_categories_category_id_foreign` (`category_id`),
  KEY `news_post_id_category_id` (`news_post_id`,`category_id`)
) ENGINE=MyISAM AUTO_INCREMENT=104 DEFAULT CHARSET=utf8mb4 COLLATE=utf8mb4_general_ci;

--
-- Dumping data for table `news_post_categories`
--

INSERT INTO `news_post_categories` (`id`, `news_post_id`, `category_id`) VALUES
(3, 1, 4),
(12, 2, 14),
(10, 2, 12),
(11, 2, 3),
(27, 3, 12),
(28, 3, 3),
(78, 12, 13),
(79, 12, 5),
(76, 12, 3),
(74, 12, 4),
(80, 12, 14),
(81, 12, 1),
(77, 12, 11),
(75, 12, 12),
(31, 8, 12),
(32, 8, 3),
(89, 11, 4),
(90, 11, 12),
(82, 12, 7),
(83, 12, 6),
(84, 12, 15),
(85, 12, 2),
(86, 12, 10),
(87, 12, 8),
(88, 12, 9),
(91, 11, 3),
(92, 11, 11),
(93, 11, 13),
(94, 11, 5),
(95, 11, 14),
(96, 11, 1),
(97, 11, 7),
(98, 11, 6),
(99, 11, 15),
(100, 11, 2),
(101, 11, 10),
(102, 11, 8),
(103, 11, 9);

-- --------------------------------------------------------

--
-- Table structure for table `news_post_comments`
--

DROP TABLE IF EXISTS `news_post_comments`;
CREATE TABLE IF NOT EXISTS `news_post_comments` (
  `id` int UNSIGNED NOT NULL AUTO_INCREMENT,
  `news_post_id` int UNSIGNED NOT NULL,
  `parent_id` int UNSIGNED DEFAULT NULL,
  `guest_name` varchar(120) COLLATE utf8mb4_general_ci NOT NULL,
  `guest_email` varchar(150) COLLATE utf8mb4_general_ci NOT NULL,
  `comment` text COLLATE utf8mb4_general_ci NOT NULL,
  `is_admin_reply` tinyint NOT NULL DEFAULT '0' COMMENT '1 = admin reply',
  `status` tinyint NOT NULL DEFAULT '0' COMMENT '0 = pending, 1 = approved',
  `recaptcha_score` decimal(3,2) DEFAULT NULL,
  `ip_address` varchar(45) COLLATE utf8mb4_general_ci DEFAULT NULL,
  `user_agent` text COLLATE utf8mb4_general_ci,
  `created_at` datetime DEFAULT NULL,
  `updated_at` datetime DEFAULT NULL,
  `deleted_at` datetime DEFAULT NULL,
  PRIMARY KEY (`id`),
  KEY `news_post_id` (`news_post_id`),
  KEY `parent_id` (`parent_id`),
  KEY `status` (`status`)
) ENGINE=MyISAM AUTO_INCREMENT=7 DEFAULT CHARSET=utf8mb4 COLLATE=utf8mb4_general_ci;

--
-- Dumping data for table `news_post_comments`
--

INSERT INTO `news_post_comments` (`id`, `news_post_id`, `parent_id`, `guest_name`, `guest_email`, `comment`, `is_admin_reply`, `status`, `recaptcha_score`, `ip_address`, `user_agent`, `created_at`, `updated_at`, `deleted_at`) VALUES
(1, 12, NULL, 'akash halder', 'akashhalder277@gmail.com', 'dsfafdafaf', 0, 1, 0.90, '::1', 'Mozilla/5.0 (Windows NT 10.0; Win64; x64) AppleWebKit/537.36 (KHTML, like Gecko) Chrome/144.0.0.0 Safari/537.36', '2026-02-06 15:07:49', '2026-02-07 15:40:48', NULL),
(2, 12, NULL, 'akash halder', 'akashhalder277@gmail.com', 'এখনো পাখিরা উঠেনি জাগিয়া, শিশির রয়েছে ঘুমে, কলঙ্কী চাঁদ পশ্চিমে হেলি কৌমুদী-লতা চুমে। হাসিটি হেথায় বাজারে বিকায় গানের বেসাত করি, হেথাকার লোক সুরের পরাণ ধরে মানে লয় ভরি। কে এলে তবে ভাই, সোনার গোকুল আঁধার করিয়া এই মথুরার ঠাই। কালিন্দী লতা গলায় জড়ায়ে সোনার গোকুল কাঁদে ব্রজের দুলাল বাঁধা নাহি পড়ে যেন মথুরার ফাঁদে। ওপারে কিশোর, এপারে যুবক, রাজার দেউল বাড়ি, পাষাণের দেশে কেন এলে ভাই। রাখালের দেশ ছাড়ি?', 0, 1, 0.90, '::1', 'Mozilla/5.0 (Windows NT 10.0; Win64; x64) AppleWebKit/537.36 (KHTML, like Gecko) Chrome/144.0.0.0 Safari/537.36', '2026-02-06 17:23:47', '2026-02-06 17:23:47', NULL),
(3, 12, NULL, 'akash halder', 'akashhalder277@gmail.com', 'jkgfdgoajgakg', 0, 0, 0.90, '::1', 'Mozilla/5.0 (Windows NT 10.0; Win64; x64) AppleWebKit/537.36 (KHTML, like Gecko) Chrome/144.0.0.0 Safari/537.36', '2026-02-06 17:26:44', '2026-02-07 20:11:46', NULL),
(4, 12, NULL, 'akash halder', 'akashhalder277@gmail.com', 'sdfafdafasfaf', 0, 0, 0.90, '::1', 'Mozilla/5.0 (Windows NT 10.0; Win64; x64) AppleWebKit/537.36 (KHTML, like Gecko) Chrome/144.0.0.0 Safari/537.36', '2026-02-06 17:31:57', '2026-02-07 17:42:04', '2026-02-07 17:42:04'),
(5, 12, 2, 'admin', 'admin@example.com', 'sDFAFAFAdfsdf', 1, 1, NULL, NULL, NULL, '2026-02-07 20:23:57', '2026-02-08 06:03:52', NULL),
(6, 12, 1, 'admin', 'admin@example.com', 'bad post', 1, 1, NULL, NULL, NULL, '2026-02-07 21:28:53', '2026-02-07 21:29:12', NULL);

-- --------------------------------------------------------

--
-- Table structure for table `news_post_sub_categories`
--

DROP TABLE IF EXISTS `news_post_sub_categories`;
CREATE TABLE IF NOT EXISTS `news_post_sub_categories` (
  `id` int UNSIGNED NOT NULL AUTO_INCREMENT,
  `news_post_id` int UNSIGNED NOT NULL,
  `sub_category_id` int UNSIGNED NOT NULL,
  PRIMARY KEY (`id`),
  KEY `news_post_sub_categories_sub_category_id_foreign` (`sub_category_id`),
  KEY `news_post_id_sub_category_id` (`news_post_id`,`sub_category_id`)
) ENGINE=MyISAM AUTO_INCREMENT=108 DEFAULT CHARSET=utf8mb4 COLLATE=utf8mb4_general_ci;

--
-- Dumping data for table `news_post_sub_categories`
--

INSERT INTO `news_post_sub_categories` (`id`, `news_post_id`, `sub_category_id`) VALUES
(7, 2, 7),
(8, 2, 8),
(9, 2, 9),
(19, 3, 9),
(74, 12, 3),
(26, 10, 9),
(73, 12, 2),
(92, 11, 3),
(22, 8, 7),
(23, 8, 8),
(91, 11, 2),
(90, 11, 1),
(72, 12, 1),
(75, 12, 4),
(76, 12, 5),
(77, 12, 6),
(78, 12, 7),
(79, 12, 8),
(80, 12, 9),
(81, 12, 10),
(82, 12, 11),
(83, 12, 12),
(84, 12, 13),
(85, 12, 14),
(86, 12, 15),
(87, 12, 16),
(88, 12, 17),
(89, 12, 18),
(93, 11, 4),
(94, 11, 5),
(95, 11, 6),
(96, 11, 7),
(97, 11, 8),
(98, 11, 9),
(99, 11, 10),
(100, 11, 11),
(101, 11, 12),
(102, 11, 13),
(103, 11, 14),
(104, 11, 15),
(105, 11, 16),
(106, 11, 17),
(107, 11, 18);

-- --------------------------------------------------------

--
-- Table structure for table `news_post_tags`
--

DROP TABLE IF EXISTS `news_post_tags`;
CREATE TABLE IF NOT EXISTS `news_post_tags` (
  `id` int UNSIGNED NOT NULL AUTO_INCREMENT,
  `news_post_id` int UNSIGNED NOT NULL,
  `tag_id` int UNSIGNED NOT NULL,
  PRIMARY KEY (`id`),
  KEY `news_post_tags_tag_id_foreign` (`tag_id`),
  KEY `news_post_id_tag_id` (`news_post_id`,`tag_id`)
) ENGINE=MyISAM AUTO_INCREMENT=126 DEFAULT CHARSET=utf8mb4 COLLATE=utf8mb4_general_ci;

--
-- Dumping data for table `news_post_tags`
--

INSERT INTO `news_post_tags` (`id`, `news_post_id`, `tag_id`) VALUES
(12, 1, 1),
(14, 1, 5),
(15, 1, 9),
(16, 1, 11),
(17, 1, 13),
(13, 1, 2),
(32, 2, 5),
(33, 2, 10),
(34, 2, 11),
(35, 2, 12),
(30, 2, 2),
(29, 2, 1),
(31, 2, 3),
(36, 8, 1),
(37, 8, 2),
(38, 8, 10),
(39, 8, 11),
(40, 8, 12),
(119, 12, 3),
(125, 11, 6),
(120, 11, 1),
(121, 11, 2),
(122, 11, 3),
(123, 11, 4),
(124, 11, 5),
(118, 12, 2),
(117, 12, 1);

-- --------------------------------------------------------

--
-- Table structure for table `news_post_thumbnails`
--

DROP TABLE IF EXISTS `news_post_thumbnails`;
CREATE TABLE IF NOT EXISTS `news_post_thumbnails` (
  `id` int UNSIGNED NOT NULL AUTO_INCREMENT,
  `news_post_id` int UNSIGNED NOT NULL,
  `type` enum('link','image') CHARACTER SET utf8mb4 COLLATE utf8mb4_general_ci NOT NULL,
  `thumbnail_url` text CHARACTER SET utf8mb4 COLLATE utf8mb4_general_ci NOT NULL,
  `created_at` datetime DEFAULT NULL,
  `updated_at` datetime DEFAULT NULL,
  PRIMARY KEY (`id`),
  KEY `news_post_thumbnails_news_post_id_foreign` (`news_post_id`)
) ENGINE=MyISAM AUTO_INCREMENT=18 DEFAULT CHARSET=utf8mb4 COLLATE=utf8mb4_general_ci;

--
-- Dumping data for table `news_post_thumbnails`
--

INSERT INTO `news_post_thumbnails` (`id`, `news_post_id`, `type`, `thumbnail_url`, `created_at`, `updated_at`) VALUES
(1, 1, 'link', 'https://plus.unsplash.com/premium_photo-1707080369554-359143c6aa0b?fm=jpg&q=60&w=3000&auto=format&fit=crop&ixlib=rb-4.1.0&ixid=M3wxMjA3fDB8MHxzZWFyY2h8MXx8bmV3cyUyMHdlYnNpdGV8ZW58MHx8MHx8fDA%3D', '2026-02-04 11:17:39', '2026-02-04 11:17:39'),
(2, 2, 'image', 'http://localhost:8080/uploads/posts/thumbnails/02_26/layers_and_layers_by_johnyg_di2ca7z-pre_1770214008.webp', '2026-02-04 14:06:48', '2026-02-04 14:06:48'),
(17, 11, 'image', 'http://localhost:8080/uploads/posts/thumbnails/02_26/img_20260205_162609_3d52d5e094.webp', '2026-02-05 17:11:51', '2026-02-05 17:11:51'),
(16, 12, 'image', 'http://localhost:8080/uploads/posts/thumbnails/02_26/img_20260205_163543_73ff385f72.webp', '2026-02-05 17:06:59', '2026-02-05 17:06:59');

-- --------------------------------------------------------

--
-- Table structure for table `settings`
--

DROP TABLE IF EXISTS `settings`;
CREATE TABLE IF NOT EXISTS `settings` (
  `id` int NOT NULL AUTO_INCREMENT,
  `class` varchar(255) CHARACTER SET utf8mb4 COLLATE utf8mb4_general_ci NOT NULL,
  `key` varchar(255) CHARACTER SET utf8mb4 COLLATE utf8mb4_general_ci NOT NULL,
  `value` text CHARACTER SET utf8mb4 COLLATE utf8mb4_general_ci,
  `type` varchar(31) CHARACTER SET utf8mb4 COLLATE utf8mb4_general_ci NOT NULL DEFAULT 'string',
  `context` varchar(255) CHARACTER SET utf8mb4 COLLATE utf8mb4_general_ci DEFAULT NULL,
  `created_at` datetime NOT NULL,
  `updated_at` datetime NOT NULL,
  PRIMARY KEY (`id`)
) ENGINE=MyISAM DEFAULT CHARSET=utf8mb4 COLLATE=utf8mb4_general_ci;

-- --------------------------------------------------------

--
-- Table structure for table `sub_categories`
--

DROP TABLE IF EXISTS `sub_categories`;
CREATE TABLE IF NOT EXISTS `sub_categories` (
  `id` int UNSIGNED NOT NULL AUTO_INCREMENT,
  `cat_id` int NOT NULL,
  `sub_cat_name` varchar(100) CHARACTER SET utf8mb4 COLLATE utf8mb4_general_ci NOT NULL,
  `sub_cat_slug` varchar(100) CHARACTER SET utf8mb4 COLLATE utf8mb4_general_ci NOT NULL,
  `is_active` tinyint(1) NOT NULL DEFAULT '0',
  `status` tinyint(1) NOT NULL DEFAULT '1',
  `created_at` datetime DEFAULT NULL,
  `updated_at` datetime DEFAULT NULL,
  PRIMARY KEY (`id`),
  UNIQUE KEY `sub_cat_slug` (`sub_cat_slug`),
  KEY `sub_categories_cat_id_foreign` (`cat_id`)
) ENGINE=MyISAM AUTO_INCREMENT=19 DEFAULT CHARSET=utf8mb4 COLLATE=utf8mb4_general_ci;

--
-- Dumping data for table `sub_categories`
--

INSERT INTO `sub_categories` (`id`, `cat_id`, `sub_cat_name`, `sub_cat_slug`, `is_active`, `status`, `created_at`, `updated_at`) VALUES
(1, 1, 'দুর্ঘটনা', 'accident', 1, 1, '2026-02-04 16:39:13', '2026-02-04 16:39:13'),
(2, 1, 'অপরাধ', 'crime', 1, 1, '2026-02-04 16:39:13', '2026-02-04 16:39:13'),
(3, 1, 'উন্নয়ন', 'development', 1, 1, '2026-02-04 16:39:13', '2026-02-04 16:39:13'),
(4, 2, 'নির্বাচন', 'election', 1, 1, '2026-02-04 16:39:13', '2026-02-04 16:39:13'),
(5, 2, 'সংসদ', 'parliament', 1, 1, '2026-02-04 16:39:13', '2026-02-04 16:39:13'),
(6, 2, 'দলীয় রাজনীতি', 'party-politics', 1, 1, '2026-02-04 16:39:13', '2026-02-04 16:39:13'),
(7, 3, 'বিশ্ব রাজনীতি', 'world-politics', 1, 1, '2026-02-04 16:39:13', '2026-02-04 16:39:13'),
(8, 3, 'যুদ্ধ', 'war', 1, 1, '2026-02-04 16:39:13', '2026-02-04 16:39:13'),
(9, 3, 'কূটনীতি', 'diplomacy', 1, 1, '2026-02-04 16:39:13', '2026-02-04 16:39:13'),
(10, 5, 'ক্রিকেট', 'cricket', 1, 1, '2026-02-04 16:39:13', '2026-02-04 16:39:13'),
(11, 5, 'ফুটবল', 'football', 1, 1, '2026-02-04 16:39:13', '2026-02-04 16:39:13'),
(12, 5, 'অলিম্পিক', 'olympics', 1, 1, '2026-02-04 16:39:13', '2026-02-04 16:39:13'),
(13, 6, 'সিনেমা', 'cinema', 1, 1, '2026-02-04 16:39:13', '2026-02-04 16:39:13'),
(14, 6, 'টেলিভিশন', 'television', 1, 1, '2026-02-04 16:39:13', '2026-02-04 16:39:13'),
(15, 6, 'সেলিব্রিটি', 'celebrity', 1, 1, '2026-02-04 16:39:13', '2026-02-04 16:39:13'),
(16, 7, 'মোবাইল', 'mobile', 1, 1, '2026-02-04 16:39:13', '2026-02-04 16:39:13'),
(17, 7, 'ইন্টারনেট', 'internet', 1, 1, '2026-02-04 16:39:13', '2026-02-04 16:39:13'),
(18, 7, 'এআই', 'ai', 1, 1, '2026-02-04 16:39:13', '2026-02-04 16:39:13');

-- --------------------------------------------------------

--
-- Table structure for table `tags`
--

DROP TABLE IF EXISTS `tags`;
CREATE TABLE IF NOT EXISTS `tags` (
  `id` int UNSIGNED NOT NULL AUTO_INCREMENT,
  `name` varchar(100) CHARACTER SET utf8mb4 COLLATE utf8mb4_general_ci NOT NULL,
  PRIMARY KEY (`id`),
  UNIQUE KEY `name` (`name`)
) ENGINE=MyISAM AUTO_INCREMENT=48 DEFAULT CHARSET=utf8mb4 COLLATE=utf8mb4_general_ci;

--
-- Dumping data for table `tags`
--

INSERT INTO `tags` (`id`, `name`) VALUES
(1, 'বাংলাদেশ'),
(2, 'ভারত'),
(3, 'নির্বাচন-২০২6'),
(4, 'ক্রিকেট'),
(5, 'বিশ্বকাপ'),
(6, 'আইপিএল'),
(7, 'ফুটবল'),
(8, 'চ্যাম্পিয়নস-লিগ'),
(9, 'প্রধানমন্ত্রী'),
(10, 'রাষ্ট্রপতি'),
(11, 'মুদ্রাস্ফীতি'),
(12, 'শেয়ার-বাজার'),
(13, 'স্টার্টআপ'),
(14, 'এআই'),
(15, 'স্মার্টফোন'),
(16, 'ইন্টারনেট'),
(17, 'স্বাস্থ্য-টিপস'),
(18, 'করোনা'),
(19, 'ভ্রমণ-গাইড'),
(20, 'চাকরি-সংবাদ'),
(21, 'শিক্ষা-বোর্ড'),
(22, 'ফলাফল'),
(23, 'ওয়েব-সিরিজ'),
(24, 'বাংলা-সিনেমা'),
(25, 'সেলিব্রিটি-গসিপ'),
(26, 'আবহাওয়া-আপডেট'),
(27, 'ঘূর্ণিঝড়'),
(28, 'বৃষ্টি'),
(29, 'আইন-আদালত'),
(30, 'দুর্নীতি');

-- --------------------------------------------------------

--
-- Table structure for table `users`
--

DROP TABLE IF EXISTS `users`;
CREATE TABLE IF NOT EXISTS `users` (
  `id` int UNSIGNED NOT NULL AUTO_INCREMENT,
  `username` varchar(30) CHARACTER SET utf8mb4 COLLATE utf8mb4_general_ci DEFAULT NULL,
  `status` varchar(255) CHARACTER SET utf8mb4 COLLATE utf8mb4_general_ci DEFAULT NULL,
  `status_message` varchar(255) CHARACTER SET utf8mb4 COLLATE utf8mb4_general_ci DEFAULT NULL,
  `active` tinyint(1) NOT NULL DEFAULT '0',
  `last_active` datetime DEFAULT NULL,
  `created_at` datetime DEFAULT NULL,
  `updated_at` datetime DEFAULT NULL,
  `deleted_at` datetime DEFAULT NULL,
  PRIMARY KEY (`id`),
  UNIQUE KEY `username` (`username`)
) ENGINE=InnoDB AUTO_INCREMENT=6 DEFAULT CHARSET=utf8mb4 COLLATE=utf8mb4_general_ci;

--
-- Dumping data for table `users`
--

INSERT INTO `users` (`id`, `username`, `status`, `status_message`, `active`, `last_active`, `created_at`, `updated_at`, `deleted_at`) VALUES
(1, 'admin', NULL, NULL, 0, NULL, '2026-01-11 20:36:36', '2026-01-11 20:36:36', NULL),
(2, 'user', NULL, NULL, 0, NULL, '2026-01-11 20:48:31', '2026-02-08 07:38:26', NULL),
(3, 'test@example', NULL, NULL, 0, NULL, '2026-02-08 05:33:12', '2026-02-08 05:33:12', NULL),
(4, 'test@test', NULL, NULL, 0, NULL, '2026-02-08 07:06:46', '2026-02-08 07:06:46', NULL),
(5, 'akashhalder277', NULL, NULL, 0, NULL, '2026-02-08 07:07:36', '2026-02-08 07:07:36', NULL);

--
-- Constraints for dumped tables
--

--
-- Constraints for table `auth_groups_users`
--
ALTER TABLE `auth_groups_users`
  ADD CONSTRAINT `auth_groups_users_user_id_foreign` FOREIGN KEY (`user_id`) REFERENCES `users` (`id`) ON DELETE CASCADE;

--
-- Constraints for table `auth_identities`
--
ALTER TABLE `auth_identities`
  ADD CONSTRAINT `auth_identities_user_id_foreign` FOREIGN KEY (`user_id`) REFERENCES `users` (`id`) ON DELETE CASCADE;

--
-- Constraints for table `auth_permissions_users`
--
ALTER TABLE `auth_permissions_users`
  ADD CONSTRAINT `auth_permissions_users_user_id_foreign` FOREIGN KEY (`user_id`) REFERENCES `users` (`id`) ON DELETE CASCADE;

--
-- Constraints for table `auth_remember_tokens`
--
ALTER TABLE `auth_remember_tokens`
  ADD CONSTRAINT `auth_remember_tokens_user_id_foreign` FOREIGN KEY (`user_id`) REFERENCES `users` (`id`) ON DELETE CASCADE;
COMMIT;

/*!40101 SET CHARACTER_SET_CLIENT=@OLD_CHARACTER_SET_CLIENT */;
/*!40101 SET CHARACTER_SET_RESULTS=@OLD_CHARACTER_SET_RESULTS */;
/*!40101 SET COLLATION_CONNECTION=@OLD_COLLATION_CONNECTION */;
